{ "_id" : { "$oid" : "5f61f95b88640a36b49e4286" }, "ename" : "", "isfeed" : false, "tag" : [ "" ], "id" : "5f599923e7bce7621e6db8a7", "hide" : false, "top" : 0, "type" : 301, "status" : "online", "user" : { "gcid" : "", "name" : "蛋蛋君", "gender" : 0, "follower" : 4100, "avatar" : "5d36a43ac8cfb750c51bb670.jpg", "viptime" : 978278400, "following" : 0, "isvip" : false, "id" : "561f6b2194e5cc423617f328" }, "imgs" : [ "5f5b376fe7bce775587a9b2b.jpg", "5f5b3770e7bce77595e55157.jpg", "5f5b3770e7bce775c5c1dc2c.jpg" ], "favs" : 0, "atime" : 1599707427, "desc" : "想要有一间小屋，打开门，能够看见蓝天，关起门来，可以不问春秋。", "count" : 59, "name" : "有间小屋", "url" : [  ], "cover" : "5abdfcc6e7bce7366de288f7.jpg", "lcover" : "http://img5.adesk.com/5abdfcc6e7bce7366de288f7?imageView2/3/h/720", "subname" : "", "sn" : 999 },
{ "_id" : { "$oid" : "5f61f95b88640a36b49e4287" }, "ename" : "", "isfeed" : false, "tag" : [ "文字" ], "id" : "5f59991ee7bce761b48dbf04", "hide" : false, "top" : 0, "type" : 301, "status" : "online", "user" : { "gcid" : "", "name" : "蛋蛋君", "gender" : 0, "follower" : 4100, "avatar" : "5d36a43ac8cfb750c51bb670.jpg", "viptime" : 978278400, "following" : 0, "isvip" : false, "id" : "561f6b2194e5cc423617f328" }, "imgs" : [ "5f293c1de7bce734a7f05566.jpg", "5f293c1de7bce734df3fc2a0.jpg", "5f293c1ee7bce7356bc248ee.jpg" ], "favs" : 0, "atime" : 1599707422, "desc" : "", "count" : 48, "name" : "可爱文字", "url" : [  ], "cover" : "5eb26d77e7bce75e2ae903b1.jpg", "lcover" : "http://img5.adesk.com/5eb26d77e7bce75e2ae903b1?imageView2/3/h/720", "subname" : "", "sn" : 999 },
{ "_id" : { "$oid" : "5f61f95b88640a36b49e4288" }, "ename" : "", "isfeed" : false, "tag" : [ "动漫" ], "id" : "5f59991ce7bce761dca3865f", "hide" : false, "top" : 0, "type" : 301, "status" : "online", "user" : { "gcid" : "", "name" : "蛋蛋君", "gender" : 0, "follower" : 4100, "avatar" : "5d36a43ac8cfb750c51bb670.jpg", "viptime" : 978278400, "following" : 0, "isvip" : false, "id" : "561f6b2194e5cc423617f328" }, "imgs" : [ "5f4f88d40422084e9ccf8369.jpg", "5f4f89189a1aa3727c748901.jpg", "5f50d448e7bce77580929e09.jpg" ], "favs" : 0, "atime" : 1599707420, "desc" : "", "count" : 24, "name" : "二次元姐妹", "url" : [  ], "cover" : "5f321c7ee7bce73464cf664a.jpg", "lcover" : "http://img5.adesk.com/5f321c7ee7bce73464cf664a?imageView2/3/h/720", "subname" : "", "sn" : 999 },
{ "_id" : { "$oid" : "5f61f95b88640a36b49e4289" }, "ename" : "", "isfeed" : false, "tag" : [ "" ], "id" : "5f599917e7bce76234b88536", "hide" : false, "top" : 0, "type" : 301, "status" : "online", "user" : { "gcid" : "", "name" : "蛋蛋君", "gender" : 0, "follower" : 4100, "avatar" : "5d36a43ac8cfb750c51bb670.jpg", "viptime" : 978278400, "following" : 0, "isvip" : false, "id" : "561f6b2194e5cc423617f328" }, "imgs" : [ "5f223edee7bce73542ee2161.jpg", "5f0ffbd6e7bce734103f375f.jpg", "5f0ffbd6e7bce734211e5320.jpg" ], "favs" : 0, "atime" : 1599707415, "desc" : "", "count" : 40, "name" : "水波荡漾", "url" : [  ], "cover" : "59e82c1de7bce77b0027a491.jpg", "lcover" : "http://img5.adesk.com/59e82c1de7bce77b0027a491?imageView2/3/h/720", "subname" : "", "sn" : 999 },
{ "_id" : { "$oid" : "5f61f95b88640a36b49e428a" }, "ename" : "", "isfeed" : false, "tag" : [ "" ], "id" : "5f5998d4e7bce7621e6db8a6", "hide" : false, "top" : 0, "type" : 301, "status" : "online", "user" : { "gcid" : "", "name" : "蛋蛋君", "gender" : 0, "follower" : 4100, "avatar" : "5d36a43ac8cfb750c51bb670.jpg", "viptime" : 978278400, "following" : 0, "isvip" : false, "id" : "561f6b2194e5cc423617f328" }, "imgs" : [ "5f44b183e7bce7754499af43.jpg", "5f44b184e7bce775587a9a9f.jpg", "5f44b185e7bce7750353a9b7.jpg" ], "favs" : 0, "atime" : 1599707348, "desc" : "", "count" : 88, "name" : "肚子胖胖 生活旺旺", "url" : [  ], "cover" : "5f2b7ab6e7bce73400777081.jpg", "lcover" : "http://img5.adesk.com/5f2b7ab6e7bce73400777081?imageView2/3/h/720", "subname" : "", "sn" : 999 },
{ "_id" : { "$oid" : "5f61f95b88640a36b49e428b" }, "ename" : "", "isfeed" : false, "tag" : [ "上海" ], "id" : "5f5998cbe7bce761dca3865e", "hide" : false, "top" : 0, "type" : 301, "status" : "online", "user" : { "gcid" : "", "name" : "蛋蛋君", "gender" : 0, "follower" : 4100, "avatar" : "5d36a43ac8cfb750c51bb670.jpg", "viptime" : 978278400, "following" : 0, "isvip" : false, "id" : "561f6b2194e5cc423617f328" }, "imgs" : [ "5d5baa87e7bce75e0214d0b8.jpg", "5d523253e7bce75e0214d03c.jpg", "5d491ca0e7bce75e7ef4b233.jpg" ], "favs" : 0, "atime" : 1599707339, "desc" : "", "count" : 29, "name" : "夜上海", "url" : [  ], "cover" : "5a4dddd6e7bce736590a6d11.jpg", "lcover" : "http://img5.adesk.com/5a4dddd6e7bce736590a6d11?imageView2/3/h/720", "subname" : "", "sn" : 999 },
{ "_id" : { "$oid" : "5f61f95b88640a36b49e428c" }, "ename" : "", "isfeed" : false, "tag" : [ "明星" ], "id" : "5f5998cae7bce76249426ad4", "hide" : false, "top" : 0, "type" : 301, "status" : "online", "user" : { "gcid" : "", "name" : "蛋蛋君", "gender" : 0, "follower" : 4100, "avatar" : "5d36a43ac8cfb750c51bb670.jpg", "viptime" : 978278400, "following" : 0, "isvip" : false, "id" : "561f6b2194e5cc423617f328" }, "imgs" : [ "5eaaafd9e7bce75ddbaf1425.jpg", "5d315fd3e7bce75e40ba2f73.jpg", "5d43e39ee7bce75e2ae8f5ec.jpg" ], "favs" : 0, "atime" : 1599707338, "desc" : "", "count" : 32, "name" : "唐嫣", "url" : [  ], "cover" : "5c78cffde7bce75d98e30740.jpg", "lcover" : "http://img5.adesk.com/5c78cffde7bce75d98e30740?imageView2/3/h/720", "subname" : "", "sn" : 999 },
{ "_id" : { "$oid" : "5f61f95b88640a36b49e428d" }, "ename" : "", "isfeed" : false, "tag" : [ "明星" ], "id" : "5f5998c8e7bce76234b88535", "hide" : false, "top" : 0, "type" : 301, "status" : "online", "user" : { "gcid" : "", "name" : "蛋蛋君", "gender" : 0, "follower" : 4100, "avatar" : "5d36a43ac8cfb750c51bb670.jpg", "viptime" : 978278400, "following" : 0, "isvip" : false, "id" : "561f6b2194e5cc423617f328" }, "imgs" : [ "5d28281ae7bce75dca87c384.jpg", "5d28281ae7bce75ea7b30d86.jpg", "5d1c6d75e7bce75d98e3114b.jpg" ], "favs" : 0, "atime" : 1599707336, "desc" : "", "count" : 31, "name" : "邓伦", "url" : [  ], "cover" : "5d28281ae7bce75ea7b30d86.jpg", "lcover" : "http://img5.adesk.com/5d28281ae7bce75ea7b30d86?imageView2/3/h/720", "subname" : "", "sn" : 999 },
{ "_id" : { "$oid" : "5f61f95b88640a36b49e428e" }, "ename" : "", "isfeed" : false, "tag" : [ "" ], "id" : "5f5998c7e7bce7620521f68e", "hide" : false, "top" : 0, "type" : 301, "status" : "online", "user" : { "gcid" : "", "name" : "蛋蛋君", "gender" : 0, "follower" : 4100, "avatar" : "5d36a43ac8cfb750c51bb670.jpg", "viptime" : 978278400, "following" : 0, "isvip" : false, "id" : "561f6b2194e5cc423617f328" }, "imgs" : [ "5d3ea53ee7bce75defa5dbee.jpg", "5cefa9d9e7bce75e7ef4ad5d.jpg", "5cdd26c5e7bce75e7ef4ac4e.jpg" ], "favs" : 0, "atime" : 1599707335, "desc" : "", "count" : 26, "name" : "彩虹", "url" : [  ], "cover" : "5c98c0d1e7bce75db261eb9e.jpg", "lcover" : "http://img5.adesk.com/5c98c0d1e7bce75db261eb9e?imageView2/3/h/720", "subname" : "", "sn" : 999 },
{ "_id" : { "$oid" : "5f61f95b88640a36b49e428f" }, "ename" : "", "isfeed" : false, "tag" : [ "动漫" ], "id" : "5f5998c5e7bce761c684dd4d", "hide" : false, "top" : 0, "type" : 301, "status" : "online", "user" : { "gcid" : "", "name" : "蛋蛋君", "gender" : 0, "follower" : 4100, "avatar" : "5d36a43ac8cfb750c51bb670.jpg", "viptime" : 978278400, "following" : 0, "isvip" : false, "id" : "561f6b2194e5cc423617f328" }, "imgs" : [ "5f53aea631f61334ce240c15.jpg", "5f44a6929a1aa3645ad8d1e5.jpg", "5f4f88af0422084d8939f593.jpg" ], "favs" : 0, "atime" : 1599707333, "desc" : "", "count" : 40, "name" : "兽耳娘", "url" : [  ], "cover" : "5d10730ae7bce75e7ef4aeca.jpg", "lcover" : "http://img5.adesk.com/5d10730ae7bce75e7ef4aeca?imageView2/3/h/720", "subname" : "", "sn" : 999 },
{ "_id" : { "$oid" : "5f61f95b88640a36b49e4290" }, "ename" : "", "isfeed" : false, "tag" : [ "动物" ], "id" : "5f5998c3e7bce761f26503fd", "hide" : false, "top" : 0, "type" : 301, "status" : "online", "user" : { "gcid" : "", "name" : "蛋蛋君", "gender" : 0, "follower" : 4100, "avatar" : "5d36a43ac8cfb750c51bb670.jpg", "viptime" : 978278400, "following" : 0, "isvip" : false, "id" : "561f6b2194e5cc423617f328" }, "imgs" : [ "5f1f99bbe7bce7340077701a.jpg", "5d25801ce7bce75e91a07d7e.jpg", "5d22e587e7bce75defa5d9ff.jpg" ], "favs" : 0, "atime" : 1599707331, "desc" : "", "count" : 24, "name" : "火烈鸟", "url" : [  ], "cover" : "5cc808a3e7bce75ea7b3093d.jpg", "lcover" : "http://img5.adesk.com/5cc808a3e7bce75ea7b3093d?imageView2/3/h/720", "subname" : "", "sn" : 999 },
{ "_id" : { "$oid" : "5f61f95b88640a36b49e4291" }, "ename" : "", "isfeed" : false, "tag" : [ "设计" ], "id" : "5f5998c1e7bce7621e6db8a5", "hide" : false, "top" : 0, "type" : 301, "status" : "online", "user" : { "gcid" : "", "name" : "蛋蛋君", "gender" : 0, "follower" : 4100, "avatar" : "5d36a43ac8cfb750c51bb670.jpg", "viptime" : 978278400, "following" : 0, "isvip" : false, "id" : "561f6b2194e5cc423617f328" }, "imgs" : [ "5de8dcefe7bce75d98e31b9c.jpg", "5de8dcefe7bce75db261fde1.jpg", "5de8dcefe7bce75dca87cd2e.jpg" ], "favs" : 0, "atime" : 1599707329, "desc" : "", "count" : 22, "name" : "纯色设计", "url" : [  ], "cover" : "5de8dcefe7bce75db261fde1.jpg", "lcover" : "http://img5.adesk.com/5de8dcefe7bce75db261fde1?imageView2/3/h/720", "subname" : "", "sn" : 999 },
{ "_id" : { "$oid" : "5f61f95b88640a36b49e4292" }, "ename" : "", "isfeed" : false, "tag" : [ "" ], "id" : "5f5998bfe7bce761b48dbf02", "hide" : false, "top" : 0, "type" : 301, "status" : "online", "user" : { "gcid" : "", "name" : "蛋蛋君", "gender" : 0, "follower" : 4100, "avatar" : "5d36a43ac8cfb750c51bb670.jpg", "viptime" : 978278400, "following" : 0, "isvip" : false, "id" : "561f6b2194e5cc423617f328" }, "imgs" : [ "5d5a5378e7bce75e7ef4b313.jpg", "5d381738e7bce75dca87c4d1.jpg", "5d2d8d8de7bce75e0214cdf4.jpg" ], "favs" : 0, "atime" : 1599707327, "desc" : "", "count" : 120, "name" : "樱花", "url" : [  ], "cover" : "5cb00dbae7bce75defa5d405.jpg", "lcover" : "http://img5.adesk.com/5cb00dbae7bce75defa5d405?imageView2/3/h/720", "subname" : "", "sn" : 999 },
{ "_id" : { "$oid" : "5f61f95b88640a36b49e4293" }, "ename" : "", "isfeed" : false, "tag" : [ "" ], "id" : "5f5998bde7bce761dca3865d", "hide" : false, "top" : 0, "type" : 301, "status" : "online", "user" : { "gcid" : "", "name" : "蛋蛋君", "gender" : 0, "follower" : 4100, "avatar" : "5d36a43ac8cfb750c51bb670.jpg", "viptime" : 978278400, "following" : 0, "isvip" : false, "id" : "561f6b2194e5cc423617f328" }, "imgs" : [ "5e9ee498e7bce75e40ba3de8.jpg", "5d637985e7bce75e6bd84e54.jpg", "5d63be4fe7bce75ddbaf086d.jpg" ], "favs" : 0, "atime" : 1599707325, "desc" : "", "count" : 51, "name" : "草莓味", "url" : [  ], "cover" : "5d43e36ae7bce75e2ae8f5eb.jpg", "lcover" : "http://img5.adesk.com/5d43e36ae7bce75e2ae8f5eb?imageView2/3/h/720", "subname" : "", "sn" : 999 },
{ "_id" : { "$oid" : "5f61f95b88640a36b49e4294" }, "ename" : "", "isfeed" : false, "tag" : [ "机械" ], "id" : "5f5998b4e7bce7620521f68d", "hide" : false, "top" : 0, "type" : 301, "status" : "online", "user" : { "gcid" : "", "name" : "蛋蛋君", "gender" : 0, "follower" : 4100, "avatar" : "5d36a43ac8cfb750c51bb670.jpg", "viptime" : 978278400, "following" : 0, "isvip" : false, "id" : "561f6b2194e5cc423617f328" }, "imgs" : [ "5f2b7a19e7bce73464cf6614.jpg", "5d78bccee7bce75e7ef4b456.jpg", "5d6e39f5e7bce75d98e315f6.jpg" ], "favs" : 0, "atime" : 1599707316, "desc" : "", "count" : 31, "name" : "宝马", "url" : [  ], "cover" : "5d565d4be7bce75defa5dd63.jpg", "lcover" : "http://img5.adesk.com/5d565d4be7bce75defa5dd63?imageView2/3/h/720", "subname" : "", "sn" : 999 },
{ "_id" : { "$oid" : "5f61f95b88640a36b49e4295" }, "ename" : "", "isfeed" : false, "tag" : [ "" ], "id" : "5f5998b2e7bce761c684dd4c", "hide" : false, "top" : 0, "type" : 301, "status" : "online", "user" : { "gcid" : "", "name" : "蛋蛋君", "gender" : 0, "follower" : 4100, "avatar" : "5d36a43ac8cfb750c51bb670.jpg", "viptime" : 978278400, "following" : 0, "isvip" : false, "id" : "561f6b2194e5cc423617f328" }, "imgs" : [ "5f2b7ab6e7bce73400777081.jpg", "5d565e36e7bce75e40ba31c6.jpg", "5d36d04ee7bce75ebd2c3993.jpg" ], "favs" : 0, "atime" : 1599707314, "desc" : "", "count" : 27, "name" : "蓝莓味", "url" : [  ], "cover" : "5b3c5bd3e7bce735ab45d88c.jpg", "lcover" : "http://img5.adesk.com/5b3c5bd3e7bce735ab45d88c?imageView2/3/h/720", "subname" : "", "sn" : 999 },
{ "_id" : { "$oid" : "5f61f95b88640a36b49e4296" }, "ename" : "", "isfeed" : false, "tag" : [ "" ], "id" : "5f58a5c1e7bce76249426ac6", "hide" : false, "top" : 0, "type" : 301, "status" : "online", "user" : { "gcid" : "", "name" : "蛋蛋君", "gender" : 0, "follower" : 4100, "avatar" : "5d36a43ac8cfb750c51bb670.jpg", "viptime" : 978278400, "following" : 0, "isvip" : false, "id" : "561f6b2194e5cc423617f328" }, "imgs" : [ "5d1b2d66e7bce75ebd2c37b6.jpg", "5d134a2ce7bce75e40ba2dbe.jpg", "5d11ea5fe7bce75defa5d981.jpg" ], "favs" : 0, "atime" : 1599645121, "desc" : "", "count" : 22, "name" : "车厘子", "url" : [  ], "cover" : "5b14e378e7bce7366de28e59.jpg", "lcover" : "http://img5.adesk.com/5b14e378e7bce7366de28e59?imageView2/3/h/720", "subname" : "", "sn" : 999 },
{ "_id" : { "$oid" : "5f61f95b88640a36b49e4297" }, "ename" : "", "isfeed" : false, "tag" : [ "设计" ], "id" : "5f58a5bfe7bce761b48dbee2", "hide" : false, "top" : 0, "type" : 301, "status" : "online", "user" : { "gcid" : "", "name" : "蛋蛋君", "gender" : 0, "follower" : 4100, "avatar" : "5d36a43ac8cfb750c51bb670.jpg", "viptime" : 978278400, "following" : 0, "isvip" : false, "id" : "561f6b2194e5cc423617f328" }, "imgs" : [ "5e7a158be7bce75ebd2c468b.jpg", "5e7a158ce7bce75d8f8d0ae3.jpg", "5e7a158ce7bce75d98e32051.jpg" ], "favs" : 0, "atime" : 1599645119, "desc" : "", "count" : 27, "name" : "色彩碰撞", "url" : [  ], "cover" : "5d8ddd05e7bce75defa5e0c2.jpg", "lcover" : "http://img5.adesk.com/5d8ddd05e7bce75defa5e0c2?imageView2/3/h/720", "subname" : "", "sn" : 999 },
{ "_id" : { "$oid" : "5f61f95b88640a36b49e4298" }, "ename" : "", "isfeed" : false, "tag" : [ "" ], "id" : "5f58a5bde7bce76234b8850c", "hide" : false, "top" : 0, "type" : 301, "status" : "online", "user" : { "gcid" : "", "name" : "蛋蛋君", "gender" : 0, "follower" : 4100, "avatar" : "5d36a43ac8cfb750c51bb670.jpg", "viptime" : 978278400, "following" : 0, "isvip" : false, "id" : "561f6b2194e5cc423617f328" }, "imgs" : [ "5d576adde7bce75ebd2c3b6a.jpg", "5d1c8c3ae7bce75e6bd84a0c.jpg", "5cfe4cfde7bce75e40ba2cce.jpg" ], "favs" : 0, "atime" : 1599645117, "desc" : "", "count" : 28, "name" : "蒲公英的约定", "url" : [  ], "cover" : "5ce3db8de7bce75d98e30ef2.jpg", "lcover" : "http://img5.adesk.com/5ce3db8de7bce75d98e30ef2?imageView2/3/h/720", "subname" : "", "sn" : 999 },
{ "_id" : { "$oid" : "5f61f95b88640a36b49e4299" }, "ename" : "", "isfeed" : false, "tag" : [ "动漫" ], "id" : "5f58a5bce7bce761f26503ec", "hide" : false, "top" : 0, "type" : 301, "status" : "online", "user" : { "gcid" : "", "name" : "蛋蛋君", "gender" : 0, "follower" : 4100, "avatar" : "5d36a43ac8cfb750c51bb670.jpg", "viptime" : 978278400, "following" : 0, "isvip" : false, "id" : "561f6b2194e5cc423617f328" }, "imgs" : [ "5f50d44de7bce7754499af8d.jpg", "5f486bb0e7bce77580929dcb.jpg", "5f486bb1e7bce775303f3c73.jpg" ], "favs" : 0, "atime" : 1599645116, "desc" : "", "count" : 27, "name" : "双马尾妹子", "url" : [  ], "cover" : "5cfe1ec8e7bce75dca87c1c4.jpg", "lcover" : "http://img5.adesk.com/5cfe1ec8e7bce75dca87c1c4?imageView2/3/h/720", "subname" : "", "sn" : 999 },
{ "_id" : { "$oid" : "5f61f95b88640a36b49e429a" }, "ename" : "", "isfeed" : false, "tag" : [ "" ], "id" : "5f58a5bae7bce7621e6db88a", "hide" : false, "top" : 0, "type" : 301, "status" : "online", "user" : { "gcid" : "", "name" : "蛋蛋君", "gender" : 0, "follower" : 4100, "avatar" : "5d36a43ac8cfb750c51bb670.jpg", "viptime" : 978278400, "following" : 0, "isvip" : false, "id" : "561f6b2194e5cc423617f328" }, "imgs" : [ "5d5a4de0e7bce75e91a080dd.jpg", "5d5babe9e7bce75db261f768.jpg", "5d5babe9e7bce75dca87c6cc.jpg" ], "favs" : 0, "atime" : 1599645114, "desc" : "", "count" : 45, "name" : "水彩", "url" : [  ], "cover" : "58e5c183e7bce70dd78c66bc.jpg", "lcover" : "http://img5.adesk.com/58e5c183e7bce70dd78c66bc?imageView2/3/h/720", "subname" : "", "sn" : 999 },
{ "_id" : { "$oid" : "5f61f95b88640a36b49e429b" }, "ename" : "", "isfeed" : false, "tag" : [ "" ], "id" : "5f58a5b6e7bce7620521f668", "hide" : false, "top" : 0, "type" : 301, "status" : "online", "user" : { "gcid" : "", "name" : "蛋蛋君", "gender" : 0, "follower" : 4100, "avatar" : "5d36a43ac8cfb750c51bb670.jpg", "viptime" : 978278400, "following" : 0, "isvip" : false, "id" : "561f6b2194e5cc423617f328" }, "imgs" : [ "5d523259e7bce75e40ba3170.jpg", "5cbee218e7bce75db261ef1c.jpg", "5d46bd51e7bce75e2ae8f604.jpg" ], "favs" : 0, "atime" : 1599645110, "desc" : "", "count" : 37, "name" : "城市路牌", "url" : [  ], "cover" : "5c1b499ae7bce75d8f8cedab.jpg", "lcover" : "http://img5.adesk.com/5c1b499ae7bce75d8f8cedab?imageView2/3/h/720", "subname" : "", "sn" : 999 },
{ "_id" : { "$oid" : "5f61f95b88640a36b49e429c" }, "ename" : "", "isfeed" : false, "tag" : [ "游戏" ], "id" : "5f58a5b4e7bce761c684dd33", "hide" : false, "top" : 0, "type" : 301, "status" : "online", "user" : { "gcid" : "", "name" : "蛋蛋君", "gender" : 0, "follower" : 4100, "avatar" : "5d36a43ac8cfb750c51bb670.jpg", "viptime" : 978278400, "following" : 0, "isvip" : false, "id" : "561f6b2194e5cc423617f328" }, "imgs" : [ "5f55af9ce7bce775ee139675.jpg", "5f55af9ce7bce77602a6bda6.jpg", "5f55af9ce7bce77616a632b6.jpg" ], "favs" : 0, "atime" : 1599645108, "desc" : "", "count" : 49, "name" : "游戏天地", "url" : [  ], "cover" : "5f217da1e7bce734398c1cd4.jpg", "lcover" : "http://img5.adesk.com/5f217da1e7bce734398c1cd4?imageView2/3/h/720", "subname" : "", "sn" : 999 },
{ "_id" : { "$oid" : "5f61f95b88640a36b49e429d" }, "ename" : "", "isfeed" : false, "tag" : [ "明星" ], "id" : "5f58a5a6e7bce76234b8850b", "hide" : false, "top" : 0, "type" : 301, "status" : "online", "user" : { "gcid" : "", "name" : "蛋蛋君", "gender" : 0, "follower" : 4100, "avatar" : "5d36a43ac8cfb750c51bb670.jpg", "viptime" : 978278400, "following" : 0, "isvip" : false, "id" : "561f6b2194e5cc423617f328" }, "imgs" : [ "5f20dd87e7bce7344ffc8f46.jpg", "5f20dd88e7bce73464cf65ca.jpg", "5f20dd88e7bce734831da054.jpg" ], "favs" : 0, "atime" : 1599645094, "desc" : "", "count" : 31, "name" : "李沁", "url" : [  ], "cover" : "5f20dd89e7bce734df3fc273.jpg", "lcover" : "http://img5.adesk.com/5f20dd89e7bce734df3fc273?imageView2/3/h/720", "subname" : "", "sn" : 999 },
{ "_id" : { "$oid" : "5f61f95b88640a36b49e429e" }, "ename" : "", "isfeed" : false, "tag" : [ "设计" ], "id" : "5f573451e7bce762494269ba", "hide" : false, "top" : 0, "type" : 301, "status" : "online", "user" : { "gcid" : "", "name" : "蛋蛋君", "gender" : 0, "follower" : 4100, "avatar" : "5d36a43ac8cfb750c51bb670.jpg", "viptime" : 978278400, "following" : 0, "isvip" : false, "id" : "561f6b2194e5cc423617f328" }, "imgs" : [ "5f2006a8e7bce73556f60d7d.jpg", "5f2006a8e7bce7356bc248a5.jpg", "5f2006a9e7bce73400777021.jpg" ], "favs" : 0, "atime" : 1599550545, "desc" : "", "count" : 40, "name" : "极简风", "url" : [  ], "cover" : "5d5d0a07e7bce75d98e31547.jpg", "lcover" : "http://img5.adesk.com/5d5d0a07e7bce75d98e31547?imageView2/3/h/720", "subname" : "", "sn" : 999 },
{ "_id" : { "$oid" : "5f61f95b88640a36b49e429f" }, "ename" : "", "isfeed" : false, "tag" : [ "" ], "id" : "5f57344ee7bce761c684dcf6", "hide" : false, "top" : 0, "type" : 301, "status" : "online", "user" : { "gcid" : "", "name" : "蛋蛋君", "gender" : 0, "follower" : 4100, "avatar" : "5d36a43ac8cfb750c51bb670.jpg", "viptime" : 978278400, "following" : 0, "isvip" : false, "id" : "561f6b2194e5cc423617f328" }, "imgs" : [ "5d104da9e7bce75defa5d962.jpg", "5d11c5efe7bce75ddbaf03d8.jpg", "5d11f306e7bce75e1ab2cba6.jpg" ], "favs" : 0, "atime" : 1599550542, "desc" : "", "count" : 39, "name" : "湖泊", "url" : [  ], "cover" : "5d104da9e7bce75defa5d962.jpg", "lcover" : "http://img5.adesk.com/5d104da9e7bce75defa5d962?imageView2/3/h/720", "subname" : "", "sn" : 999 },
{ "_id" : { "$oid" : "5f61f95b88640a36b49e42a0" }, "ename" : "", "isfeed" : false, "tag" : [ "明星" ], "id" : "5f57344ae7bce761f26503b4", "hide" : false, "top" : 0, "type" : 301, "status" : "online", "user" : { "gcid" : "", "name" : "蛋蛋君", "gender" : 0, "follower" : 4100, "avatar" : "5d36a43ac8cfb750c51bb670.jpg", "viptime" : 978278400, "following" : 0, "isvip" : false, "id" : "561f6b2194e5cc423617f328" }, "imgs" : [ "5cefaa3be7bce75e91a07b55.jpg", "5cefaa43e7bce75e40ba2c3f.jpg", "5cefaa45e7bce75e40ba2c40.jpg" ], "favs" : 0, "atime" : 1599550538, "desc" : "", "count" : 31, "name" : "罗云熙", "url" : [  ], "cover" : "5cefaa50e7bce75d98e30fa2.jpg", "lcover" : "http://img5.adesk.com/5cefaa50e7bce75d98e30fa2?imageView2/3/h/720", "subname" : "", "sn" : 999 },
{ "_id" : { "$oid" : "5f61f95b88640a36b49e42a1" }, "ename" : "", "isfeed" : false, "tag" : [ "动漫" ], "id" : "5f573449e7bce761b48dbe97", "hide" : false, "top" : 0, "type" : 301, "status" : "online", "user" : { "gcid" : "", "name" : "蛋蛋君", "gender" : 0, "follower" : 4100, "avatar" : "5d36a43ac8cfb750c51bb670.jpg", "viptime" : 978278400, "following" : 0, "isvip" : false, "id" : "561f6b2194e5cc423617f328" }, "imgs" : [ "5f4f5b5ce7bce77518651a7c.jpg", "5f449418e7bce77616a63257.jpg", "5f4230f831f6133e8e77722f.jpg" ], "favs" : 0, "atime" : 1599550537, "desc" : "", "count" : 38, "name" : "银发妹子", "url" : [  ], "cover" : "5e5ce0e0e7bce75dca87d0f8.jpg", "lcover" : "http://img5.adesk.com/5e5ce0e0e7bce75dca87d0f8?imageView2/3/h/720", "subname" : "", "sn" : 999 },
{ "_id" : { "$oid" : "5f61f95b88640a36b49e42a2" }, "ename" : "", "isfeed" : false, "tag" : [ "" ], "id" : "5f573442e7bce762494269b9", "hide" : false, "top" : 0, "type" : 301, "status" : "online", "user" : { "gcid" : "", "name" : "蛋蛋君", "gender" : 0, "follower" : 4100, "avatar" : "5d36a43ac8cfb750c51bb670.jpg", "viptime" : 978278400, "following" : 0, "isvip" : false, "id" : "561f6b2194e5cc423617f328" }, "imgs" : [ "5f27dbcee7bce7340077704a.jpg", "5f27dbcee7bce734a7f05552.jpg", "5f27dbcee7bce734df3fc28f.jpg" ], "favs" : 0, "atime" : 1599550530, "desc" : "", "count" : 49, "name" : "绿草地", "url" : [  ], "cover" : "5ce36f40e7bce75db261f11b.jpg", "lcover" : "http://img5.adesk.com/5ce36f40e7bce75db261f11b?imageView2/3/h/720", "subname" : "", "sn" : 999 },
{ "_id" : { "$oid" : "5f61f95b88640a36b49e42a3" }, "ename" : "", "isfeed" : false, "tag" : [ "机械" ], "id" : "5f573440e7bce7620521f623", "hide" : false, "top" : 0, "type" : 301, "status" : "online", "user" : { "gcid" : "", "name" : "蛋蛋君", "gender" : 0, "follower" : 4100, "avatar" : "5d36a43ac8cfb750c51bb670.jpg", "viptime" : 978278400, "following" : 0, "isvip" : false, "id" : "561f6b2194e5cc423617f328" }, "imgs" : [ "5d3f9d21e7bce75e2ae8f575.jpg", "5c7926ece7bce75defa5cfc9.jpg", "5c7928c5e7bce75defa5cfcf.jpg" ], "favs" : 0, "atime" : 1599550528, "desc" : "", "count" : 31, "name" : "布加迪", "url" : [  ], "cover" : "59cc9a19e7bce77b7f375fbc.jpg", "lcover" : "http://img5.adesk.com/59cc9a19e7bce77b7f375fbc?imageView2/3/h/720", "subname" : "", "sn" : 999 },
{ "_id" : { "$oid" : "5f61f95b88640a36b49e42a4" }, "ename" : "", "isfeed" : false, "tag" : [ "" ], "id" : "5f573437e7bce76234b884cf", "hide" : false, "top" : 0, "type" : 301, "status" : "online", "user" : { "gcid" : "", "name" : "蛋蛋君", "gender" : 0, "follower" : 4100, "avatar" : "5d36a43ac8cfb750c51bb670.jpg", "viptime" : 978278400, "following" : 0, "isvip" : false, "id" : "561f6b2194e5cc423617f328" }, "imgs" : [ "5f157214e7bce73556f60d32.jpg", "5f157214e7bce7356bc2484f.jpg", "5f157214e7bce7357f756cdd.jpg" ], "favs" : 0, "atime" : 1599550519, "desc" : "", "count" : 46, "name" : "格纹", "url" : [  ], "cover" : "5d64d541e7bce75e6bd84e6a.jpg", "lcover" : "http://img5.adesk.com/5d64d541e7bce75e6bd84e6a?imageView2/3/h/720", "subname" : "", "sn" : 999 },
{ "_id" : { "$oid" : "5f61f95b88640a36b49e42a5" }, "ename" : "", "isfeed" : false, "tag" : [ "明星" ], "id" : "5f573433e7bce761f26503b3", "hide" : false, "top" : 0, "type" : 301, "status" : "online", "user" : { "gcid" : "", "name" : "蛋蛋君", "gender" : 0, "follower" : 4100, "avatar" : "5d36a43ac8cfb750c51bb670.jpg", "viptime" : 978278400, "following" : 0, "isvip" : false, "id" : "561f6b2194e5cc423617f328" }, "imgs" : [ "5efefb9fe7bce75d8f8d0ed0.jpg", "5efefb9fe7bce75d98e32438.jpg", "5efefb9fe7bce75db2620681.jpg" ], "favs" : 0, "atime" : 1599550515, "desc" : "", "count" : 31, "name" : "胡一天", "url" : [  ], "cover" : "5ef1baf5e7bce75d98e323ba.jpg", "lcover" : "http://img5.adesk.com/5ef1baf5e7bce75d98e323ba?imageView2/3/h/720", "subname" : "", "sn" : 999 },
{ "_id" : { "$oid" : "5f61f95b88640a36b49e42a6" }, "ename" : "", "isfeed" : false, "tag" : [ "游戏" ], "id" : "5f573431e7bce761b48dbe96", "hide" : false, "top" : 0, "type" : 301, "status" : "online", "user" : { "gcid" : "", "name" : "蛋蛋君", "gender" : 0, "follower" : 4100, "avatar" : "5d36a43ac8cfb750c51bb670.jpg", "viptime" : 978278400, "following" : 0, "isvip" : false, "id" : "561f6b2194e5cc423617f328" }, "imgs" : [ "5f4668730422084976882d48.jpg", "5f4668730422084976882d49.jpg", "5f4668730422084976882d4a.jpg" ], "favs" : 0, "atime" : 1599550513, "desc" : "", "count" : 35, "name" : "恋与制作人", "url" : [  ], "cover" : "5c6bdd02e7bce75dca87b859.jpg", "lcover" : "http://img5.adesk.com/5c6bdd02e7bce75dca87b859?imageView2/3/h/720", "subname" : "", "sn" : 999 },
{ "_id" : { "$oid" : "5f61f95b88640a36b49e42a7" }, "ename" : "", "isfeed" : false, "tag" : [ "" ], "id" : "5f57342fe7bce7621e6db764", "hide" : false, "top" : 0, "type" : 301, "status" : "online", "user" : { "gcid" : "", "name" : "蛋蛋君", "gender" : 0, "follower" : 4100, "avatar" : "5d36a43ac8cfb750c51bb670.jpg", "viptime" : 978278400, "following" : 0, "isvip" : false, "id" : "561f6b2194e5cc423617f328" }, "imgs" : [ "5d565e38e7bce75e1ab2cf9b.jpg", "5d1b2d6ce7bce75e1ab2cbe8.jpg", "5d04848ce7bce75ea7b30c1a.jpg" ], "favs" : 0, "atime" : 1599550511, "desc" : "", "count" : 29, "name" : "牛奶", "url" : [  ], "cover" : "5af40febe7bce735802a6b09.jpg", "lcover" : "http://img5.adesk.com/5af40febe7bce735802a6b09?imageView2/3/h/720", "subname" : "", "sn" : 999 },
{ "_id" : { "$oid" : "5f61f95b88640a36b49e42a8" }, "ename" : "", "isfeed" : false, "tag" : [ "明星" ], "id" : "5f57342ee7bce761dca38613", "hide" : false, "top" : 0, "type" : 301, "status" : "online", "user" : { "gcid" : "", "name" : "蛋蛋君", "gender" : 0, "follower" : 4100, "avatar" : "5d36a43ac8cfb750c51bb670.jpg", "viptime" : 978278400, "following" : 0, "isvip" : false, "id" : "561f6b2194e5cc423617f328" }, "imgs" : [ "5f335067e7bce73464cf6653.jpg", "5f335067e7bce734831da0e5.jpg", "5f335067e7bce73496a9fb83.jpg" ], "favs" : 0, "atime" : 1599550510, "desc" : "", "count" : 21, "name" : "程潇", "url" : [  ], "cover" : "5bf7bcbee7bce75e0214bd5d.jpg", "lcover" : "http://img5.adesk.com/5bf7bcbee7bce75e0214bd5d?imageView2/3/h/720", "subname" : "", "sn" : 999 },
{ "_id" : { "$oid" : "5f61f95b88640a36b49e42a9" }, "ename" : "", "isfeed" : false, "tag" : [ "" ], "id" : "5f57342be7bce762494269b8", "hide" : false, "top" : 0, "type" : 301, "status" : "online", "user" : { "gcid" : "", "name" : "蛋蛋君", "gender" : 0, "follower" : 4100, "avatar" : "5d36a43ac8cfb750c51bb670.jpg", "viptime" : 978278400, "following" : 0, "isvip" : false, "id" : "561f6b2194e5cc423617f328" }, "imgs" : [ "5d54acdbe7bce75e40ba31a1.jpg", "5d4bc2f0e7bce75ddbaf0747.jpg", "5d28692de7bce75e7ef4afde.jpg" ], "favs" : 0, "atime" : 1599550507, "desc" : "", "count" : 35, "name" : "城市的桥", "url" : [  ], "cover" : "5a378016e7bce73542def51f.jpg", "lcover" : "http://img5.adesk.com/5a378016e7bce73542def51f?imageView2/3/h/720", "subname" : "", "sn" : 999 },
{ "_id" : { "$oid" : "5f61f95b88640a36b49e42aa" }, "ename" : "", "isfeed" : false, "tag" : [ "机械" ], "id" : "5f573429e7bce7620521f622", "hide" : false, "top" : 0, "type" : 301, "status" : "online", "user" : { "gcid" : "", "name" : "蛋蛋君", "gender" : 0, "follower" : 4100, "avatar" : "5d36a43ac8cfb750c51bb670.jpg", "viptime" : 978278400, "following" : 0, "isvip" : false, "id" : "561f6b2194e5cc423617f328" }, "imgs" : [ "5d3010a9e7bce75e0214ce34.jpg", "5c77b212e7bce75db261e97b.jpg", "5c751a20e7bce75e91a072e2.jpg" ], "favs" : 0, "atime" : 1599550505, "desc" : "", "count" : 32, "name" : "自行车", "url" : [  ], "cover" : "5c6d2027e7bce75e2ae8e8e7.jpg", "lcover" : "http://img5.adesk.com/5c6d2027e7bce75e2ae8e8e7?imageView2/3/h/720", "subname" : "", "sn" : 999 },
{ "_id" : { "$oid" : "5f61f95b88640a36b49e42ab" }, "ename" : "", "isfeed" : false, "tag" : [ "明星" ], "id" : "5f57341fe7bce761f26503b2", "hide" : false, "top" : 0, "type" : 301, "status" : "online", "user" : { "gcid" : "", "name" : "蛋蛋君", "gender" : 0, "follower" : 4100, "avatar" : "5d36a43ac8cfb750c51bb670.jpg", "viptime" : 978278400, "following" : 0, "isvip" : false, "id" : "561f6b2194e5cc423617f328" }, "imgs" : [ "5f3b41f4e7bce774d2e1c715.jpg", "5f3b41f4e7bce774ead07ae2.jpg", "5f3b41f4e7bce7750353a96b.jpg" ], "favs" : 0, "atime" : 1599550495, "desc" : "", "count" : 25, "name" : "万茜", "url" : [  ], "cover" : "5f39e8d2e7bce7756c3f8f07.jpg", "lcover" : "http://img5.adesk.com/5f39e8d2e7bce7756c3f8f07?imageView2/3/h/720", "subname" : "", "sn" : 999 },
{ "_id" : { "$oid" : "5f61f95b88640a36b49e42ac" }, "ename" : "", "isfeed" : false, "tag" : [ "风景", "热气球", "旅行" ], "id" : "5f55d320e7bce762494267bd", "hide" : false, "top" : 0, "type" : 301, "status" : "online", "user" : { "gcid" : "", "name" : "蛋蛋君", "gender" : 0, "follower" : 4100, "avatar" : "5d36a43ac8cfb750c51bb670.jpg", "viptime" : 978278400, "following" : 0, "isvip" : false, "id" : "561f6b2194e5cc423617f328" }, "imgs" : [ "5d38023de7bce75ddbaf060c.jpg", "5d54b0d7e7bce75e1ab2cf81.jpg", "5d25803ee7bce75d8f8cfc3c.jpg" ], "favs" : 0, "atime" : 1599460128, "desc" : "", "count" : 59, "name" : "热气球之旅", "url" : [  ], "cover" : "59cb6e88e7bce77b69d4d5d3.jpg", "lcover" : "http://img5.adesk.com/59cb6e88e7bce77b69d4d5d3?imageView2/3/h/720", "subname" : "", "sn" : 999 },
{ "_id" : { "$oid" : "5f61f95b88640a36b49e42ad" }, "ename" : "", "isfeed" : false, "tag" : [ "动漫" ], "id" : "5f55d31ee7bce7620521f42f", "hide" : false, "top" : 0, "type" : 301, "status" : "online", "user" : { "gcid" : "", "name" : "蛋蛋君", "gender" : 0, "follower" : 4100, "avatar" : "5d36a43ac8cfb750c51bb670.jpg", "viptime" : 978278400, "following" : 0, "isvip" : false, "id" : "561f6b2194e5cc423617f328" }, "imgs" : [ "5f460cfee7bce7756c3f8f75.jpg", "5f460cfee7bce77580929dc5.jpg", "5f460cfee7bce77595e550c9.jpg" ], "favs" : 0, "atime" : 1599460126, "desc" : "", "count" : 32, "name" : "卷发小可爱", "url" : [  ], "cover" : "5e7a1481e7bce75ea7b31bd6.jpg", "lcover" : "http://img5.adesk.com/5e7a1481e7bce75ea7b31bd6?imageView2/3/h/720", "subname" : "", "sn" : 999 },
{ "_id" : { "$oid" : "5f61f95b88640a36b49e42ae" }, "ename" : "", "isfeed" : false, "tag" : [ "小巷" ], "id" : "5f55d31be7bce76234b8815b", "hide" : false, "top" : 0, "type" : 301, "status" : "online", "user" : { "gcid" : "", "name" : "蛋蛋君", "gender" : 0, "follower" : 4100, "avatar" : "5d36a43ac8cfb750c51bb670.jpg", "viptime" : 978278400, "following" : 0, "isvip" : false, "id" : "561f6b2194e5cc423617f328" }, "imgs" : [ "5d4a792be7bce75d8f8cfee8.jpg", "5d2d923ae7bce75e0214cdfb.jpg", "5d3573e4e7bce75e0214cea3.jpg" ], "favs" : 0, "atime" : 1599460123, "desc" : "", "count" : 37, "name" : "穿过小巷", "url" : [  ], "cover" : "5a93d3b2e7bce735ab45ccd9.jpg", "lcover" : "http://img5.adesk.com/5a93d3b2e7bce735ab45ccd9?imageView2/3/h/720", "subname" : "", "sn" : 999 },
{ "_id" : { "$oid" : "5f61f95b88640a36b49e42af" }, "ename" : "", "isfeed" : false, "tag" : [ "明星" ], "id" : "5f55d319e7bce761f26502d4", "hide" : false, "top" : 0, "type" : 301, "status" : "online", "user" : { "gcid" : "", "name" : "蛋蛋君", "gender" : 0, "follower" : 4100, "avatar" : "5d36a43ac8cfb750c51bb670.jpg", "viptime" : 978278400, "following" : 0, "isvip" : false, "id" : "561f6b2194e5cc423617f328" }, "imgs" : [ "5f2e7fd9e7bce734831da0bf.jpg", "5f2e7fdae7bce734df3fc2cd.jpg", "5f2e7fdce7bce735260cce3b.jpg" ], "favs" : 0, "atime" : 1599460121, "desc" : "", "count" : 31, "name" : "杨洋", "url" : [  ], "cover" : "5cc5ded3e7bce75dca87bf38.jpg", "lcover" : "http://img5.adesk.com/5cc5ded3e7bce75dca87bf38?imageView2/3/h/720", "subname" : "", "sn" : 999 },
{ "_id" : { "$oid" : "5f61f95b88640a36b49e42b0" }, "ename" : "", "isfeed" : false, "tag" : [ "明星" ], "id" : "5f55d315e7bce7621e6db668", "hide" : false, "top" : 0, "type" : 301, "status" : "online", "user" : { "gcid" : "", "name" : "蛋蛋君", "gender" : 0, "follower" : 4100, "avatar" : "5d36a43ac8cfb750c51bb670.jpg", "viptime" : 978278400, "following" : 0, "isvip" : false, "id" : "561f6b2194e5cc423617f328" }, "imgs" : [ "5f2301a7e7bce735260ccde8.jpg", "5f2301a8e7bce73542ee2165.jpg", "5f2301a8e7bce73556f60d90.jpg" ], "favs" : 0, "atime" : 1599460117, "desc" : "", "count" : 35, "name" : "郑爽", "url" : [  ], "cover" : "5f2301a0e7bce73400777035.jpg", "lcover" : "http://img5.adesk.com/5f2301a0e7bce73400777035?imageView2/3/h/720", "subname" : "", "sn" : 999 },
{ "_id" : { "$oid" : "5f61f95b88640a36b49e42b1" }, "ename" : "", "isfeed" : false, "tag" : [ "动漫" ], "id" : "5f55d312e7bce761dca38422", "hide" : false, "top" : 0, "type" : 301, "status" : "online", "user" : { "gcid" : "", "name" : "蛋蛋君", "gender" : 0, "follower" : 4100, "avatar" : "5d36a43ac8cfb750c51bb670.jpg", "viptime" : 978278400, "following" : 0, "isvip" : false, "id" : "561f6b2194e5cc423617f328" }, "imgs" : [ "5f30aad2e7bce73542ee21c5.jpg", "5f30aad2e7bce73556f60df4.jpg", "5f2d5bb1e7bce73556f60dea.jpg" ], "favs" : 0, "atime" : 1599460114, "desc" : "", "count" : 38, "name" : "犬夜叉", "url" : [  ], "cover" : "5f2d4a4be7bce734211e53e4.jpg", "lcover" : "http://img5.adesk.com/5f2d4a4be7bce734211e53e4?imageView2/3/h/720", "subname" : "", "sn" : 999 },
{ "_id" : { "$oid" : "5f61f95b88640a36b49e42b2" }, "ename" : "", "isfeed" : false, "tag" : [ "" ], "id" : "5f55d300e7bce761c684da73", "hide" : false, "top" : 0, "type" : 301, "status" : "online", "user" : { "gcid" : "", "name" : "蛋蛋君", "gender" : 0, "follower" : 4100, "avatar" : "5d36a43ac8cfb750c51bb670.jpg", "viptime" : 978278400, "following" : 0, "isvip" : false, "id" : "561f6b2194e5cc423617f328" }, "imgs" : [ "5f1579a4e7bce73496a9fa98.jpg", "5f1579a4e7bce734a7f054e5.jpg", "5f1579a4e7bce734df3fc21a.jpg" ], "favs" : 0, "atime" : 1599460096, "desc" : "", "count" : 52, "name" : "向日葵", "url" : [  ], "cover" : "5bac88ffe7bce75e7ef49c78.jpg", "lcover" : "http://img5.adesk.com/5bac88ffe7bce75e7ef49c78?imageView2/3/h/720", "subname" : "", "sn" : 999 },
{ "_id" : { "$oid" : "5f61f95b88640a36b49e42b3" }, "ename" : "", "isfeed" : false, "tag" : [ "玫瑰", "物语", "风景" ], "id" : "5f55d2fee7bce76234b8815a", "hide" : false, "top" : 0, "type" : 301, "status" : "online", "user" : { "gcid" : "", "name" : "蛋蛋君", "gender" : 0, "follower" : 4100, "avatar" : "5d36a43ac8cfb750c51bb670.jpg", "viptime" : 978278400, "following" : 0, "isvip" : false, "id" : "561f6b2194e5cc423617f328" }, "imgs" : [ "5cfe4cf7e7bce75ddbaf0322.jpg", "5c94b9fae7bce75dca87ba9b.jpg", "5cab11bfe7bce75ea7b3066b.jpg" ], "favs" : 0, "atime" : 1599460094, "desc" : "", "count" : 46, "name" : "玫瑰玫瑰", "url" : [  ], "cover" : "5a23bb31e7bce7362c1adba1.jpg", "lcover" : "http://img5.adesk.com/5a23bb31e7bce7362c1adba1?imageView2/3/h/720", "subname" : "", "sn" : 999 },
{ "_id" : { "$oid" : "5f61f95b88640a36b49e42b4" }, "ename" : "", "isfeed" : false, "tag" : [ "明星" ], "id" : "5f55d2fbe7bce761f26502d3", "hide" : false, "top" : 0, "type" : 301, "status" : "online", "user" : { "gcid" : "", "name" : "蛋蛋君", "gender" : 0, "follower" : 4100, "avatar" : "5d36a43ac8cfb750c51bb670.jpg", "viptime" : 978278400, "following" : 0, "isvip" : false, "id" : "561f6b2194e5cc423617f328" }, "imgs" : [ "5f2a9f13e7bce734831da098.jpg", "5f2a9f15e7bce73496a9fb31.jpg", "5f2a9f18e7bce735260cce18.jpg" ], "favs" : 0, "atime" : 1599460091, "desc" : "", "count" : 34, "name" : "杨超越", "url" : [  ], "cover" : "5d119211e7bce75d8f8cfb7a.jpg", "lcover" : "http://img5.adesk.com/5d119211e7bce75d8f8cfb7a?imageView2/3/h/720", "subname" : "", "sn" : 999 },
{ "_id" : { "$oid" : "5f61f95b88640a36b49e42b5" }, "ename" : "", "isfeed" : false, "tag" : [ "机械" ], "id" : "5f55d2f3e7bce7621e6db667", "hide" : false, "top" : 0, "type" : 301, "status" : "online", "user" : { "gcid" : "", "name" : "蛋蛋君", "gender" : 0, "follower" : 4100, "avatar" : "5d36a43ac8cfb750c51bb670.jpg", "viptime" : 978278400, "following" : 0, "isvip" : false, "id" : "561f6b2194e5cc423617f328" }, "imgs" : [ "5f39e9a4e7bce774ead07add.jpg", "5f39e9a4e7bce7750353a964.jpg", "5f39e9a4e7bce775587a9a4a.jpg" ], "favs" : 0, "atime" : 1599460083, "desc" : "", "count" : 21, "name" : "炫酷摩托", "url" : [  ], "cover" : "5f39e9a4e7bce7750353a964.jpg", "lcover" : "http://img5.adesk.com/5f39e9a4e7bce7750353a964?imageView2/3/h/720", "subname" : "", "sn" : 999 },
{ "_id" : { "$oid" : "5f61f95b88640a36b49e42b6" }, "ename" : "", "isfeed" : false, "tag" : [ "" ], "id" : "5f55d2f0e7bce761dca38421", "hide" : false, "top" : 0, "type" : 301, "status" : "online", "user" : { "gcid" : "", "name" : "蛋蛋君", "gender" : 0, "follower" : 4100, "avatar" : "5d36a43ac8cfb750c51bb670.jpg", "viptime" : 978278400, "following" : 0, "isvip" : false, "id" : "561f6b2194e5cc423617f328" }, "imgs" : [ "5f44910bc8cfb77ce8a144c9.jpg", "5f44b9f10422084a31a27288.jpg", "5f44b9f10422084a31a27289.jpg" ], "favs" : 0, "atime" : 1599460080, "desc" : "", "count" : 33, "name" : "烟雾", "url" : [  ], "cover" : "5d46ba97e7bce75e2ae8f5ff.jpg", "lcover" : "http://img5.adesk.com/5d46ba97e7bce75e2ae8f5ff?imageView2/3/h/720", "subname" : "", "sn" : 999 },
{ "_id" : { "$oid" : "5f61f95b88640a36b49e42b7" }, "ename" : "", "isfeed" : false, "tag" : [ "游戏" ], "id" : "5f55d2eee7bce762494267bc", "hide" : false, "top" : 0, "type" : 301, "status" : "online", "user" : { "gcid" : "", "name" : "蛋蛋君", "gender" : 0, "follower" : 4100, "avatar" : "5d36a43ac8cfb750c51bb670.jpg", "viptime" : 978278400, "following" : 0, "isvip" : false, "id" : "561f6b2194e5cc423617f328" }, "imgs" : [ "5d1c572be7bce75e2ae8f326.jpg", "5d1c572ce7bce75e40ba2df4.jpg", "5d075f83e7bce75e2ae8f26b.jpg" ], "favs" : 0, "atime" : 1599460078, "desc" : "", "count" : 31, "name" : "绝地求生", "url" : [  ], "cover" : "5cdd2978e7bce75dca87c01a.jpg", "lcover" : "http://img5.adesk.com/5cdd2978e7bce75dca87c01a?imageView2/3/h/720", "subname" : "", "sn" : 999 },
{ "_id" : { "$oid" : "5f61f95b88640a36b49e42b8" }, "ename" : "", "isfeed" : false, "tag" : [ "文字", "情感", "恋爱分手" ], "id" : "5f509476e7bce7621e6db5ab", "hide" : false, "top" : 0, "type" : 301, "status" : "online", "user" : { "gcid" : "", "name" : "蛋蛋君", "gender" : 0, "follower" : 4100, "avatar" : "5d36a43ac8cfb750c51bb670.jpg", "viptime" : 978278400, "following" : 0, "isvip" : false, "id" : "561f6b2194e5cc423617f328" }, "imgs" : [ "5f50cf1ae7bce77580929e07.jpg", "5f50cf1ae7bce77595e55100.jpg", "5f50cf1be7bce775c5c1dbe4.jpg" ], "favs" : 0, "atime" : 1599116406, "desc" : "拜拜就拜拜，下一个更乖，人总是要和握不住的说再见。", "count" : 79, "name" : "拜拜就拜拜，下一个更乖", "url" : [  ], "cover" : "5f058674e7bce75ddbaf16df.jpg", "lcover" : "http://img5.adesk.com/5f058674e7bce75ddbaf16df?imageView2/3/h/720", "subname" : "", "sn" : 999 },
{ "_id" : { "$oid" : "5f61f95b88640a36b49e42b9" }, "ename" : "", "isfeed" : false, "tag" : [ "综合" ], "id" : "5f5057bfe7bce76234b880b2", "hide" : false, "top" : 0, "type" : 301, "status" : "online", "user" : { "gcid" : "", "name" : "蛋蛋君", "gender" : 0, "follower" : 4100, "avatar" : "5d36a43ac8cfb750c51bb670.jpg", "viptime" : 978278400, "following" : 0, "isvip" : false, "id" : "561f6b2194e5cc423617f328" }, "imgs" : [ "5f5062f3e7bce77518651a85.jpg", "5f5062f3e7bce775303f3ca8.jpg", "5f5062f3e7bce7754499af88.jpg" ], "favs" : 0, "atime" : 1599100863, "desc" : "听说在浩瀚的宇宙，有一家银河便利店，店里在贩卖星球，你要来看看吗？", "count" : 67, "name" : "银河便利店", "url" : [  ], "cover" : "5f5061a5e7bce77602a6bd8c.jpg", "lcover" : "http://img5.adesk.com/5f5061a5e7bce77602a6bd8c?imageView2/3/h/720", "subname" : "", "sn" : 999 },
{ "_id" : { "$oid" : "5f61f95b88640a36b49e42ba" }, "ename" : "", "isfeed" : false, "tag" : [ "明星" ], "id" : "5f5057bde7bce7620521f2b6", "hide" : false, "top" : 0, "type" : 301, "status" : "online", "user" : { "gcid" : "", "name" : "蛋蛋君", "gender" : 0, "follower" : 4100, "avatar" : "5d36a43ac8cfb750c51bb670.jpg", "viptime" : 978278400, "following" : 0, "isvip" : false, "id" : "561f6b2194e5cc423617f328" }, "imgs" : [ "5f217d6de7bce73556f60d84.jpg", "5f217d6fe7bce7357f756d2c.jpg", "5f217d6fe7bce7356bc248aa.jpg" ], "favs" : 0, "atime" : 1599100861, "desc" : "", "count" : 65, "name" : "易烊千玺", "url" : [  ], "cover" : "5d1073e4e7bce75e1ab2cb8b.jpg", "lcover" : "http://img5.adesk.com/5d1073e4e7bce75e1ab2cb8b?imageView2/3/h/720", "subname" : "", "sn" : 999 },
{ "_id" : { "$oid" : "5f61f95b88640a36b49e42bb" }, "ename" : "", "isfeed" : false, "tag" : [ "风景", "瀑布" ], "id" : "5f5057b7e7bce761f2650222", "hide" : false, "top" : 0, "type" : 301, "status" : "online", "user" : { "gcid" : "", "name" : "蛋蛋君", "gender" : 0, "follower" : 4100, "avatar" : "5d36a43ac8cfb750c51bb670.jpg", "viptime" : 978278400, "following" : 0, "isvip" : false, "id" : "561f6b2194e5cc423617f328" }, "imgs" : [ "5f436d97e7bce7756c3f8f53.jpg", "5f0585ebe7bce75e0214df9d.jpg", "5f110538e7bce73556f60d29.jpg" ], "favs" : 0, "atime" : 1599100855, "desc" : "", "count" : 59, "name" : "瀑布", "url" : [  ], "cover" : "5c19e781e7bce75e40ba1fc1.jpg", "lcover" : "http://img5.adesk.com/5c19e781e7bce75e40ba1fc1?imageView2/3/h/720", "subname" : "", "sn" : 999 },
{ "_id" : { "$oid" : "5f61f95b88640a36b49e42bc" }, "ename" : "", "isfeed" : false, "tag" : [ "风景", "灯塔", "大海" ], "id" : "5f5057b5e7bce761c684d9c0", "hide" : false, "top" : 0, "type" : 301, "status" : "online", "user" : { "gcid" : "", "name" : "蛋蛋君", "gender" : 0, "follower" : 4100, "avatar" : "5d36a43ac8cfb750c51bb670.jpg", "viptime" : 978278400, "following" : 0, "isvip" : false, "id" : "561f6b2194e5cc423617f328" }, "imgs" : [ "5f1f9a3de7bce734103f37aa.jpg", "5d5ba359e7bce75d98e3152a.jpg", "5d044634e7bce75e0214cc29.jpg" ], "favs" : 0, "atime" : 1599100853, "desc" : "", "count" : 35, "name" : "灯塔", "url" : [  ], "cover" : "5b22430be7bce73695a3932f.jpg", "lcover" : "http://img5.adesk.com/5b22430be7bce73695a3932f?imageView2/3/h/720", "subname" : "", "sn" : 999 },
{ "_id" : { "$oid" : "5f61f95b88640a36b49e42bd" }, "ename" : "", "isfeed" : false, "tag" : [ "明星" ], "id" : "5f5057b0e7bce7621e6db5a2", "hide" : false, "top" : 0, "type" : 301, "status" : "online", "user" : { "gcid" : "", "name" : "蛋蛋君", "gender" : 0, "follower" : 4100, "avatar" : "5d36a43ac8cfb750c51bb670.jpg", "viptime" : 978278400, "following" : 0, "isvip" : false, "id" : "561f6b2194e5cc423617f328" }, "imgs" : [ "5d2454f3e7bce75e2ae8f386.jpg", "5d24562be7bce75defa5da24.jpg", "5d24562be7bce75e7ef4af8d.jpg" ], "favs" : 0, "atime" : 1599100848, "desc" : "", "count" : 50, "name" : "白敬亭", "url" : [  ], "cover" : "59649588e7bce77ab0512ecf.jpg", "lcover" : "http://img5.adesk.com/59649588e7bce77ab0512ecf?imageView2/3/h/720", "subname" : "", "sn" : 999 },
{ "_id" : { "$oid" : "5f61f95b88640a36b49e42be" }, "ename" : "", "isfeed" : false, "tag" : [ "风景", "流星" ], "id" : "5f5057aee7bce76234b880b1", "hide" : false, "top" : 0, "type" : 301, "status" : "online", "user" : { "gcid" : "", "name" : "蛋蛋君", "gender" : 0, "follower" : 4100, "avatar" : "5d36a43ac8cfb750c51bb670.jpg", "viptime" : 978278400, "following" : 0, "isvip" : false, "id" : "561f6b2194e5cc423617f328" }, "imgs" : [ "5d43e322e7bce75e2ae8f5ea.jpg", "5cb45f7fe7bce75d8f8cf62c.jpg", "5c8331ede7bce75db261e9e4.jpg" ], "favs" : 0, "atime" : 1599100846, "desc" : "", "count" : 26, "name" : "流星", "url" : [  ], "cover" : "5c8331ede7bce75db261e9e4.jpg", "lcover" : "http://img5.adesk.com/5c8331ede7bce75db261e9e4?imageView2/3/h/720", "subname" : "", "sn" : 999 },
{ "_id" : { "$oid" : "5f61f95b88640a36b49e42bf" }, "ename" : "", "isfeed" : false, "tag" : [ "冰棍", "冰棒", "食物", "物语" ], "id" : "5f50575ae7bce76234b880b0", "hide" : false, "top" : 0, "type" : 301, "status" : "online", "user" : { "gcid" : "", "name" : "蛋蛋君", "gender" : 0, "follower" : 4100, "avatar" : "5d36a43ac8cfb750c51bb670.jpg", "viptime" : 978278400, "following" : 0, "isvip" : false, "id" : "561f6b2194e5cc423617f328" }, "imgs" : [ "5f158503e7bce734df3fc223.jpg", "5f158506e7bce73542ee2108.jpg", "5d5fa659e7bce75e91a0812f.jpg" ], "favs" : 0, "atime" : 1599100762, "desc" : "", "count" : 32, "name" : "来根冰棒", "url" : [  ], "cover" : "5b29ca92e7bce73680587c67.jpg", "lcover" : "http://img5.adesk.com/5b29ca92e7bce73680587c67?imageView2/3/h/720", "subname" : "", "sn" : 999 },
{ "_id" : { "$oid" : "5f61f95b88640a36b49e42c0" }, "ename" : "", "isfeed" : false, "tag" : [ "柠檬", "水果", "物语", "食物" ], "id" : "5f505743e7bce761dca38288", "hide" : false, "top" : 0, "type" : 301, "status" : "online", "user" : { "gcid" : "", "name" : "蛋蛋君", "gender" : 0, "follower" : 4100, "avatar" : "5d36a43ac8cfb750c51bb670.jpg", "viptime" : 978278400, "following" : 0, "isvip" : false, "id" : "561f6b2194e5cc423617f328" }, "imgs" : [ "5ef1f453e7bce75e7ef4c1e5.jpg", "5ef1f456e7bce75d8f8d0e64.jpg", "5ef1f456e7bce75ea7b31f55.jpg" ], "favs" : 0, "atime" : 1599100739, "desc" : "", "count" : 40, "name" : "恰柠檬", "url" : [  ], "cover" : "5b0111b7e7bce73595c8eafd.jpg", "lcover" : "http://img5.adesk.com/5b0111b7e7bce73595c8eafd?imageView2/3/h/720", "subname" : "", "sn" : 999 },
{ "_id" : { "$oid" : "5f61f95b88640a36b49e42c1" }, "ename" : "", "isfeed" : false, "tag" : [ "" ], "id" : "5f505741e7bce7621e6db5a1", "hide" : false, "top" : 0, "type" : 301, "status" : "online", "user" : { "gcid" : "", "name" : "蛋蛋君", "gender" : 0, "follower" : 4100, "avatar" : "5d36a43ac8cfb750c51bb670.jpg", "viptime" : 978278400, "following" : 0, "isvip" : false, "id" : "561f6b2194e5cc423617f328" }, "imgs" : [ "5f4f5ed2e7bce7750353a9e9.jpg", "5f4ce40be7bce774ead07b5a.jpg", "5f4c9d45e7bce77580929dda.jpg" ], "favs" : 0, "atime" : 1599100737, "desc" : "", "count" : 32, "name" : "性感肌肉", "url" : [  ], "cover" : "5c0e3a79e7bce75e0214be4c.jpg", "lcover" : "http://img5.adesk.com/5c0e3a79e7bce75e0214be4c?imageView2/3/h/720", "subname" : "", "sn" : 999 },
{ "_id" : { "$oid" : "5f61f95b88640a36b49e42c2" }, "ename" : "", "isfeed" : false, "tag" : [ "" ], "id" : "5f50573fe7bce76249426646", "hide" : false, "top" : 0, "type" : 301, "status" : "online", "user" : { "gcid" : "", "name" : "蛋蛋君", "gender" : 0, "follower" : 4100, "avatar" : "5d36a43ac8cfb750c51bb670.jpg", "viptime" : 978278400, "following" : 0, "isvip" : false, "id" : "561f6b2194e5cc423617f328" }, "imgs" : [ "5d5a4cb6e7bce75e6bd84ddf.jpg", "5d565cd2e7bce75e6bd84dc8.jpg", "5d54acefe7bce75ebd2c3b44.jpg" ], "favs" : 0, "atime" : 1599100735, "desc" : "", "count" : 53, "name" : "城市黄昏", "url" : [  ], "cover" : "5b9f5af2e7bce75ea7b2f992.jpg", "lcover" : "http://img5.adesk.com/5b9f5af2e7bce75ea7b2f992?imageView2/3/h/720", "subname" : "", "sn" : 999 },
{ "_id" : { "$oid" : "5f61f95b88640a36b49e42c3" }, "ename" : "", "isfeed" : false, "tag" : [ "螃蟹", "虾", "龙虾", "海鲜", "物语", "食物" ], "id" : "5f50573ce7bce7620521f2b4", "hide" : false, "top" : 0, "type" : 301, "status" : "online", "user" : { "gcid" : "", "name" : "蛋蛋君", "gender" : 0, "follower" : 4100, "avatar" : "5d36a43ac8cfb750c51bb670.jpg", "viptime" : 978278400, "following" : 0, "isvip" : false, "id" : "561f6b2194e5cc423617f328" }, "imgs" : [ "5f23f549e7bce7356bc248c5.jpg", "5f23f549e7bce7357f756d42.jpg", "5efda2e6e7bce75defa5ec38.jpg" ], "favs" : 0, "atime" : 1599100732, "desc" : "", "count" : 33, "name" : "虾兵蟹将", "url" : [  ], "cover" : "5a2a503ee7bce73695a383bb.jpg", "lcover" : "http://img5.adesk.com/5a2a503ee7bce73695a383bb?imageView2/3/h/720", "subname" : "", "sn" : 999 },
{ "_id" : { "$oid" : "5f61f95b88640a36b49e42c4" }, "ename" : "", "isfeed" : false, "tag" : [ "" ], "id" : "5f50573ae7bce76234b880af", "hide" : false, "top" : 0, "type" : 301, "status" : "online", "user" : { "gcid" : "", "name" : "蛋蛋君", "gender" : 0, "follower" : 4100, "avatar" : "5d36a43ac8cfb750c51bb670.jpg", "viptime" : 978278400, "following" : 0, "isvip" : false, "id" : "561f6b2194e5cc423617f328" }, "imgs" : [ "5f0d5475e7bce73464cf656d.jpg", "5f0d5475e7bce734831d9ff2.jpg", "5f0d5475e7bce73496a9fa86.jpg" ], "favs" : 0, "atime" : 1599100730, "desc" : "", "count" : 40, "name" : "暗黑骷髅", "url" : [  ], "cover" : "57ff475c69401b34865e1cb5.jpg", "lcover" : "http://img5.adesk.com/57ff475c69401b34865e1cb5?imageView2/3/h/720", "subname" : "", "sn" : 999 },
{ "_id" : { "$oid" : "5f61f95b88640a36b49e42c5" }, "ename" : "", "isfeed" : false, "tag" : [ "" ], "id" : "5f505720e7bce7621e6db5a0", "hide" : false, "top" : 0, "type" : 301, "status" : "online", "user" : { "gcid" : "", "name" : "蛋蛋君", "gender" : 0, "follower" : 4100, "avatar" : "5d36a43ac8cfb750c51bb670.jpg", "viptime" : 978278400, "following" : 0, "isvip" : false, "id" : "561f6b2194e5cc423617f328" }, "imgs" : [ "5f4f5ecce7bce77616a63296.jpg", "5f4f5ecde7bce774d2e1c799.jpg", "5f4f5ecde7bce775da9e38ae.jpg" ], "favs" : 0, "atime" : 1599100704, "desc" : "", "count" : 33, "name" : "叔控", "url" : [  ], "cover" : "5b39a4e0e7bce73612576abe.jpg", "lcover" : "http://img5.adesk.com/5b39a4e0e7bce73612576abe?imageView2/3/h/720", "subname" : "", "sn" : 999 },
{ "_id" : { "$oid" : "5f61f95b88640a36b49e42c6" }, "ename" : "", "isfeed" : false, "tag" : [ "动物" ], "id" : "5f50571ee7bce76249426645", "hide" : false, "top" : 0, "type" : 301, "status" : "online", "user" : { "gcid" : "", "name" : "蛋蛋君", "gender" : 0, "follower" : 4100, "avatar" : "5d36a43ac8cfb750c51bb670.jpg", "viptime" : 978278400, "following" : 0, "isvip" : false, "id" : "561f6b2194e5cc423617f328" }, "imgs" : [ "5d4be30ae7bce75e91a08033.jpg", "5d42bf63e7bce75e40ba30bb.jpg", "5d41115de7bce75d8f8cfe41.jpg" ], "favs" : 0, "atime" : 1599100702, "desc" : "", "count" : 61, "name" : "水母", "url" : [  ], "cover" : "5c45bef5e7bce75db261e748.jpg", "lcover" : "http://img5.adesk.com/5c45bef5e7bce75db261e748?imageView2/3/h/720", "subname" : "", "sn" : 999 },
{ "_id" : { "$oid" : "5f61f95b88640a36b49e42c7" }, "ename" : "", "isfeed" : false, "tag" : [ "游戏" ], "id" : "5f50571ae7bce7620521f2b3", "hide" : false, "top" : 0, "type" : 301, "status" : "online", "user" : { "gcid" : "", "name" : "蛋蛋君", "gender" : 0, "follower" : 4100, "avatar" : "5d36a43ac8cfb750c51bb670.jpg", "viptime" : 978278400, "following" : 0, "isvip" : false, "id" : "561f6b2194e5cc423617f328" }, "imgs" : [ "5ced0e0ee7bce75ebd2c35d7.jpg", "5cd3fe9fe7bce75dca87bfb8.jpg", "5c57bddae7bce75e1ab2c0c1.jpg" ], "favs" : 0, "atime" : 1599100698, "desc" : "", "count" : 39, "name" : "第五人格", "url" : [  ], "cover" : "5b320359e7bce73695a393fd.jpg", "lcover" : "http://img5.adesk.com/5b320359e7bce73695a393fd?imageView2/3/h/720", "subname" : "", "sn" : 999 },
{ "_id" : { "$oid" : "5f61f95b88640a36b49e42c8" }, "ename" : "", "isfeed" : false, "tag" : [ "明星" ], "id" : "5f505716e7bce76234b880ae", "hide" : false, "top" : 0, "type" : 301, "status" : "online", "user" : { "gcid" : "", "name" : "蛋蛋君", "gender" : 0, "follower" : 4100, "avatar" : "5d36a43ac8cfb750c51bb670.jpg", "viptime" : 978278400, "following" : 0, "isvip" : false, "id" : "561f6b2194e5cc423617f328" }, "imgs" : [ "5d804aace7bce75e0214d21a.jpg", "5d804aaee7bce75e2ae8f86a.jpg", "5d804aafe7bce75e6bd84f71.jpg" ], "favs" : 0, "atime" : 1599100694, "desc" : "", "count" : 31, "name" : "李易峰", "url" : [  ], "cover" : "5b5155c1e7bce706b412ffb4.jpg", "lcover" : "http://img5.adesk.com/5b5155c1e7bce706b412ffb4?imageView2/3/h/720", "subname" : "", "sn" : 999 },
{ "_id" : { "$oid" : "5f61f95b88640a36b49e42c9" }, "ename" : "", "isfeed" : false, "tag" : [ "极光", "风景" ], "id" : "5f505712e7bce761f2650220", "hide" : false, "top" : 0, "type" : 301, "status" : "online", "user" : { "gcid" : "", "name" : "蛋蛋君", "gender" : 0, "follower" : 4100, "avatar" : "5d36a43ac8cfb750c51bb670.jpg", "viptime" : 978278400, "following" : 0, "isvip" : false, "id" : "561f6b2194e5cc423617f328" }, "imgs" : [ "5d3ea543e7bce75d98e31375.jpg", "5d22d838e7bce75e7ef4af63.jpg", "5d22d8e7e7bce75e0214cd1e.jpg" ], "favs" : 0, "atime" : 1599100690, "desc" : "", "count" : 43, "name" : "极光", "url" : [  ], "cover" : "59cb750be7bce77af3eee0a3.jpg", "lcover" : "http://img5.adesk.com/59cb750be7bce77af3eee0a3?imageView2/3/h/720", "subname" : "", "sn" : 999 },
{ "_id" : { "$oid" : "5f61f95b88640a36b49e42ca" }, "ename" : "", "isfeed" : false, "tag" : [ "" ], "id" : "5f505710e7bce761dca38287", "hide" : false, "top" : 0, "type" : 301, "status" : "online", "user" : { "gcid" : "", "name" : "蛋蛋君", "gender" : 0, "follower" : 4100, "avatar" : "5d36a43ac8cfb750c51bb670.jpg", "viptime" : 978278400, "following" : 0, "isvip" : false, "id" : "561f6b2194e5cc423617f328" }, "imgs" : [ "5d4d1eb4e7bce75d98e31481.jpg", "5d4d1eb4e7bce75e0214d017.jpg", "5d4d1eb5e7bce75d8f8cff1a.jpg" ], "favs" : 0, "atime" : 1599100688, "desc" : "", "count" : 34, "name" : "线条", "url" : [  ], "cover" : "5cebaf74e7bce75ea7b30aee.jpg", "lcover" : "http://img5.adesk.com/5cebaf74e7bce75ea7b30aee?imageView2/3/h/720", "subname" : "", "sn" : 999 },
{ "_id" : { "$oid" : "5f61f95b88640a36b49e42cb" }, "ename" : "", "isfeed" : false, "tag" : [ "" ], "id" : "5f50570de7bce7621e6db59f", "hide" : false, "top" : 0, "type" : 301, "status" : "online", "user" : { "gcid" : "", "name" : "蛋蛋君", "gender" : 0, "follower" : 4100, "avatar" : "5d36a43ac8cfb750c51bb670.jpg", "viptime" : 978278400, "following" : 0, "isvip" : false, "id" : "561f6b2194e5cc423617f328" }, "imgs" : [ "5d491c9ee7bce75e6bd84d0e.jpg", "5d414311e7bce75ea7b30f47.jpg", "5d2ff36de7bce75defa5db17.jpg" ], "favs" : 0, "atime" : 1599100685, "desc" : "", "count" : 33, "name" : "教堂", "url" : [  ], "cover" : "5a6ee415e7bce7355224a1c6.jpg", "lcover" : "http://img5.adesk.com/5a6ee415e7bce7355224a1c6?imageView2/3/h/720", "subname" : "", "sn" : 999 },
{ "_id" : { "$oid" : "5f61f95b88640a36b49e42cc" }, "ename" : "", "isfeed" : false, "tag" : [ "明星" ], "id" : "5f50570be7bce76249426644", "hide" : false, "top" : 0, "type" : 301, "status" : "online", "user" : { "gcid" : "", "name" : "蛋蛋君", "gender" : 0, "follower" : 4100, "avatar" : "5d36a43ac8cfb750c51bb670.jpg", "viptime" : 978278400, "following" : 0, "isvip" : false, "id" : "561f6b2194e5cc423617f328" }, "imgs" : [ "5f218859e7bce734398c1cd9.jpg", "5d5ba55ae7bce75defa5dd9e.jpg", "5cef95b2e7bce75d98e30f9e.jpg" ], "favs" : 0, "atime" : 1599100683, "desc" : "", "count" : 79, "name" : "刘昊然", "url" : [  ], "cover" : "5f218859e7bce734398c1cd9.jpg", "lcover" : "http://img5.adesk.com/5f218859e7bce734398c1cd9?imageView2/3/h/720", "subname" : "", "sn" : 999 },
{ "_id" : { "$oid" : "5f61f95b88640a36b49e42cd" }, "ename" : "", "isfeed" : false, "tag" : [ "机械" ], "id" : "5f505707e7bce7620521f2b2", "hide" : false, "top" : 0, "type" : 301, "status" : "online", "user" : { "gcid" : "", "name" : "蛋蛋君", "gender" : 0, "follower" : 4100, "avatar" : "5d36a43ac8cfb750c51bb670.jpg", "viptime" : 978278400, "following" : 0, "isvip" : false, "id" : "561f6b2194e5cc423617f328" }, "imgs" : [ "5f0d54eee7bce73464cf656f.jpg", "5de4f0e8e7bce75e7ef4b982.jpg", "5d5229ede7bce75e2ae8f67e.jpg" ], "favs" : 0, "atime" : 1599100679, "desc" : "", "count" : 54, "name" : "奥迪", "url" : [  ], "cover" : "5d1f4233e7bce75e1ab2cc07.jpg", "lcover" : "http://img5.adesk.com/5d1f4233e7bce75e1ab2cc07?imageView2/3/h/720", "subname" : "", "sn" : 999 },
{ "_id" : { "$oid" : "5f61f95b88640a36b49e42ce" }, "ename" : "", "isfeed" : false, "tag" : [ "明星" ], "id" : "5f505705e7bce76234b880ad", "hide" : false, "top" : 0, "type" : 301, "status" : "online", "user" : { "gcid" : "", "name" : "蛋蛋君", "gender" : 0, "follower" : 4100, "avatar" : "5d36a43ac8cfb750c51bb670.jpg", "viptime" : 978278400, "following" : 0, "isvip" : false, "id" : "561f6b2194e5cc423617f328" }, "imgs" : [ "5eda26aae7bce75db2620552.jpg", "5eda26ace7bce75e1ab2ddae.jpg", "5eda26ace7bce75e2ae904f1.jpg" ], "favs" : 0, "atime" : 1599100677, "desc" : "", "count" : 61, "name" : "杨颖", "url" : [  ], "cover" : "5caf02ade7bce75e6bd84425.jpg", "lcover" : "http://img5.adesk.com/5caf02ade7bce75e6bd84425?imageView2/3/h/720", "subname" : "", "sn" : 999 },
{ "_id" : { "$oid" : "5f61f95b88640a36b49e42cf" }, "ename" : "", "isfeed" : false, "tag" : [ "" ], "id" : "5f505702e7bce761b48dbcf2", "hide" : false, "top" : 0, "type" : 301, "status" : "online", "user" : { "gcid" : "", "name" : "蛋蛋君", "gender" : 0, "follower" : 4100, "avatar" : "5d36a43ac8cfb750c51bb670.jpg", "viptime" : 978278400, "following" : 0, "isvip" : false, "id" : "561f6b2194e5cc423617f328" }, "imgs" : [ "5f4f0592e7bce774ead07b5e.jpg", "5f4f0592e7bce77518651a76.jpg", "5f4f0592e7bce775303f3c97.jpg" ], "favs" : 0, "atime" : 1599100674, "desc" : "", "count" : 36, "name" : "松鼠", "url" : [  ], "cover" : "5a783e54e7bce735ec41a7a8.jpg", "lcover" : "http://img5.adesk.com/5a783e54e7bce735ec41a7a8?imageView2/3/h/720", "subname" : "", "sn" : 999 },
{ "_id" : { "$oid" : "5f61f95b88640a36b49e42d0" }, "ename" : "", "isfeed" : false, "tag" : [ "设计" ], "id" : "5f505700e7bce761f265021f", "hide" : false, "top" : 0, "type" : 301, "status" : "online", "user" : { "gcid" : "", "name" : "蛋蛋君", "gender" : 0, "follower" : 4100, "avatar" : "5d36a43ac8cfb750c51bb670.jpg", "viptime" : 978278400, "following" : 0, "isvip" : false, "id" : "561f6b2194e5cc423617f328" }, "imgs" : [ "5e4a71f7e7bce75d8f8d098c.jpg", "5e4a71f7e7bce75d98e31f08.jpg", "5e4a71f7e7bce75d98e31f09.jpg" ], "favs" : 0, "atime" : 1599100672, "desc" : "", "count" : 34, "name" : "关于篮球", "url" : [  ], "cover" : "5d3fde13e7bce75d8f8cfe36.jpg", "lcover" : "http://img5.adesk.com/5d3fde13e7bce75d8f8cfe36?imageView2/3/h/720", "subname" : "", "sn" : 999 },
{ "_id" : { "$oid" : "5f61f95b88640a36b49e42d1" }, "ename" : "", "isfeed" : false, "tag" : [ "机械" ], "id" : "5f5056fde7bce761dca38286", "hide" : false, "top" : 0, "type" : 301, "status" : "online", "user" : { "gcid" : "", "name" : "蛋蛋君", "gender" : 0, "follower" : 4100, "avatar" : "5d36a43ac8cfb750c51bb670.jpg", "viptime" : 978278400, "following" : 0, "isvip" : false, "id" : "561f6b2194e5cc423617f328" }, "imgs" : [ "5d64d479e7bce75e1ab2d030.jpg", "5d1c4c72e7bce75e40ba2df3.jpg", "5d1c4c74e7bce75e6bd84a09.jpg" ], "favs" : 0, "atime" : 1599100669, "desc" : "", "count" : 23, "name" : "宾利", "url" : [  ], "cover" : "5d1c4c74e7bce75e7ef4af2f.jpg", "lcover" : "http://img5.adesk.com/5d1c4c74e7bce75e7ef4af2f?imageView2/3/h/720", "subname" : "", "sn" : 999 },
{ "_id" : { "$oid" : "5f61f95b88640a36b49e42d2" }, "ename" : "", "isfeed" : false, "tag" : [ "设计" ], "id" : "5f5056f5e7bce761c684d9bc", "hide" : false, "top" : 0, "type" : 301, "status" : "online", "user" : { "gcid" : "", "name" : "蛋蛋君", "gender" : 0, "follower" : 4100, "avatar" : "5d36a43ac8cfb750c51bb670.jpg", "viptime" : 978278400, "following" : 0, "isvip" : false, "id" : "561f6b2194e5cc423617f328" }, "imgs" : [ "5c8b92e7e7bce75e91a073db.jpg", "5c8b92e7e7bce75ea7b303a4.jpg", "5c89d3ebe7bce75d8f8cf267.jpg" ], "favs" : 0, "atime" : 1599100661, "desc" : "", "count" : 40, "name" : "创意鞋子", "url" : [  ], "cover" : "5c89f4c3e7bce75e1ab2c296.jpg", "lcover" : "http://img5.adesk.com/5c89f4c3e7bce75e1ab2c296?imageView2/3/h/720", "subname" : "", "sn" : 999 },
{ "_id" : { "$oid" : "5f61f95b88640a36b49e42d3" }, "ename" : "", "isfeed" : false, "tag" : [ "游戏" ], "id" : "5f5056f2e7bce7620521f2b1", "hide" : false, "top" : 0, "type" : 301, "status" : "online", "user" : { "gcid" : "", "name" : "蛋蛋君", "gender" : 0, "follower" : 4100, "avatar" : "5d36a43ac8cfb750c51bb670.jpg", "viptime" : 978278400, "following" : 0, "isvip" : false, "id" : "561f6b2194e5cc423617f328" }, "imgs" : [ "5f2005d6e7bce734103f37ad.jpg", "5f2005dde7bce734a7f05535.jpg", "5f193505e7bce734211e534b.jpg" ], "favs" : 0, "atime" : 1599100658, "desc" : "", "count" : 57, "name" : "明日方舟", "url" : [  ], "cover" : "5d5510cae7bce75e2ae8f6bc.jpg", "lcover" : "http://img5.adesk.com/5d5510cae7bce75e2ae8f6bc?imageView2/3/h/720", "subname" : "", "sn" : 999 },
{ "_id" : { "$oid" : "5f61f95b88640a36b49e42d4" }, "ename" : "", "isfeed" : false, "tag" : [ "相机", "物语", "复古" ], "id" : "5f4f72d5e7bce761b48dbcc2", "hide" : false, "top" : 0, "type" : 301, "status" : "online", "user" : { "gcid" : "", "name" : "蛋蛋君", "gender" : 0, "follower" : 4100, "avatar" : "5d36a43ac8cfb750c51bb670.jpg", "viptime" : 978278400, "following" : 0, "isvip" : false, "id" : "561f6b2194e5cc423617f328" }, "imgs" : [ "5d429662e7bce75d8f8cfe77.jpg", "5d394ad0e7bce75defa5dbbe.jpg", "5d271ec4e7bce75e91a07dae.jpg" ], "favs" : 0, "atime" : 1599042261, "desc" : "", "count" : 35, "name" : "复古相机", "url" : [  ], "cover" : "5a1669fbe7bce73595c8dc17.jpg", "lcover" : "http://img5.adesk.com/5a1669fbe7bce73595c8dc17?imageView2/3/h/720", "subname" : "", "sn" : 999 },
{ "_id" : { "$oid" : "5f61f95b88640a36b49e42d5" }, "ename" : "", "isfeed" : false, "tag" : [ "风景", "云雾" ], "id" : "5f4f7277e7bce7620521f1b3", "hide" : false, "top" : 0, "type" : 301, "status" : "online", "user" : { "gcid" : "", "name" : "蛋蛋君", "gender" : 0, "follower" : 4100, "avatar" : "5d36a43ac8cfb750c51bb670.jpg", "viptime" : 978278400, "following" : 0, "isvip" : false, "id" : "561f6b2194e5cc423617f328" }, "imgs" : [ "5d22d8d3e7bce75defa5d9fd.jpg", "5d11f317e7bce75db261f33e.jpg", "5d08446be7bce75ea7b30c34.jpg" ], "favs" : 0, "atime" : 1599042167, "desc" : "", "count" : 35, "name" : "云雾缭绕", "url" : [  ], "cover" : "5bfe5a21e7bce75ddbaef4db.jpg", "lcover" : "http://img5.adesk.com/5bfe5a21e7bce75ddbaef4db?imageView2/3/h/720", "subname" : "", "sn" : 999 },
{ "_id" : { "$oid" : "5f61f95b88640a36b49e42d6" }, "ename" : "", "isfeed" : false, "tag" : [ "风景", "月亮" ], "id" : "5f4f7273e7bce761b48dbcc1", "hide" : false, "top" : 0, "type" : 301, "status" : "online", "user" : { "gcid" : "", "name" : "蛋蛋君", "gender" : 0, "follower" : 4100, "avatar" : "5d36a43ac8cfb750c51bb670.jpg", "viptime" : 978278400, "following" : 0, "isvip" : false, "id" : "561f6b2194e5cc423617f328" }, "imgs" : [ "5f4522e7c8cfb77c899041c8.jpg", "5f44911a31f6133eba4e4565.jpg", "5f3f4d39e7bce77580929d8a.jpg" ], "favs" : 0, "atime" : 1599042163, "desc" : "", "count" : 41, "name" : "月夜", "url" : [  ], "cover" : "5f44911a31f6133eba4e4565.jpg", "lcover" : "http://img5.adesk.com/5f44911a31f6133eba4e4565?imageView2/3/h/720", "subname" : "", "sn" : 999 },
{ "_id" : { "$oid" : "5f61f95b88640a36b49e42d7" }, "ename" : "", "isfeed" : false, "tag" : [ "" ], "id" : "5f4f7270e7bce761f26501ed", "hide" : false, "top" : 0, "type" : 301, "status" : "online", "user" : { "gcid" : "", "name" : "蛋蛋君", "gender" : 0, "follower" : 4100, "avatar" : "5d36a43ac8cfb750c51bb670.jpg", "viptime" : 978278400, "following" : 0, "isvip" : false, "id" : "561f6b2194e5cc423617f328" }, "imgs" : [ "5f291776e7bce734398c1d03.jpg", "5f291776e7bce7344ffc8f71.jpg", "5f291776e7bce73464cf65fc.jpg" ], "favs" : 0, "atime" : 1599042160, "desc" : "", "count" : 25, "name" : "马赛克", "url" : [  ], "cover" : "58e6f8ace7bce70df044bece.jpg", "lcover" : "http://img5.adesk.com/58e6f8ace7bce70df044bece?imageView2/3/h/720", "subname" : "", "sn" : 999 },
{ "_id" : { "$oid" : "5f61f95b88640a36b49e42d8" }, "ename" : "", "isfeed" : false, "tag" : [ "" ], "id" : "5f4f7267e7bce76249426610", "hide" : false, "top" : 0, "type" : 301, "status" : "online", "user" : { "gcid" : "", "name" : "蛋蛋君", "gender" : 0, "follower" : 4100, "avatar" : "5d36a43ac8cfb750c51bb670.jpg", "viptime" : 978278400, "following" : 0, "isvip" : false, "id" : "561f6b2194e5cc423617f328" }, "imgs" : [ "5f4c9e71e7bce774d2e1c785.jpg", "5f4c9e71e7bce774ead07b55.jpg", "5f4c9e72e7bce7750353a9d4.jpg" ], "favs" : 0, "atime" : 1599042151, "desc" : "", "count" : 37, "name" : "摩天轮", "url" : [  ], "cover" : "595de927e7bce77addc54cc3.jpg", "lcover" : "http://img5.adesk.com/595de927e7bce77addc54cc3?imageView2/3/h/720", "subname" : "", "sn" : 999 },
{ "_id" : { "$oid" : "5f61f95b88640a36b49e42d9" }, "ename" : "", "isfeed" : false, "tag" : [ "明星" ], "id" : "5f4f69c1e7bce7624942660f", "hide" : false, "top" : 0, "type" : 301, "status" : "online", "user" : { "gcid" : "", "name" : "蛋蛋君", "gender" : 0, "follower" : 4100, "avatar" : "5d36a43ac8cfb750c51bb670.jpg", "viptime" : 978278400, "following" : 0, "isvip" : false, "id" : "561f6b2194e5cc423617f328" }, "imgs" : [ "5f32121be7bce7357f756db4.jpg", "5f32121de7bce734007770b2.jpg", "5f32121ee7bce734103f383b.jpg" ], "favs" : 0, "atime" : 1599039937, "desc" : "", "count" : 31, "name" : "鞠婧祎", "url" : [  ], "cover" : "5d42a297e7bce75dca87c58b.jpg", "lcover" : "http://img5.adesk.com/5d42a297e7bce75dca87c58b?imageView2/3/h/720", "subname" : "", "sn" : 999 },
{ "_id" : { "$oid" : "5f61f95b88640a36b49e42da" }, "ename" : "", "isfeed" : false, "tag" : [ "文字" ], "id" : "5f4f69c0e7bce761b48dbcc0", "hide" : false, "top" : 0, "type" : 301, "status" : "online", "user" : { "gcid" : "", "name" : "蛋蛋君", "gender" : 0, "follower" : 4100, "avatar" : "5d36a43ac8cfb750c51bb670.jpg", "viptime" : 978278400, "following" : 0, "isvip" : false, "id" : "561f6b2194e5cc423617f328" }, "imgs" : [ "5f3deff1e7bce77518651a17.jpg", "5f3deff1e7bce7754499af14.jpg", "5f3deff1e7bce77616a63228.jpg" ], "favs" : 0, "atime" : 1599039936, "desc" : "", "count" : 37, "name" : "小心愿", "url" : [  ], "cover" : "5f36617be7bce7754499aee0.jpg", "lcover" : "http://img5.adesk.com/5f36617be7bce7754499aee0?imageView2/3/h/720", "subname" : "", "sn" : 999 },
{ "_id" : { "$oid" : "5f61f95b88640a36b49e42db" }, "ename" : "", "isfeed" : false, "tag" : [ "吃糖", "物语", "甜点", "食物" ], "id" : "5f4f69bee7bce76234b87f89", "hide" : false, "top" : 0, "type" : 301, "status" : "online", "user" : { "gcid" : "", "name" : "蛋蛋君", "gender" : 0, "follower" : 4100, "avatar" : "5d36a43ac8cfb750c51bb670.jpg", "viptime" : 978278400, "following" : 0, "isvip" : false, "id" : "561f6b2194e5cc423617f328" }, "imgs" : [ "5f43365de7bce774d2e1c74d.jpg", "5c8f684fe7bce75e7ef4a607.jpg", "5c9a041fe7bce75d8f8cf401.jpg" ], "favs" : 0, "atime" : 1599039934, "desc" : "", "count" : 38, "name" : "快吃糖", "url" : [  ], "cover" : "5972cdd8e7bce77b95a59802.jpg", "lcover" : "http://img5.adesk.com/5972cdd8e7bce77b95a59802?imageView2/3/h/720", "subname" : "", "sn" : 999 },
{ "_id" : { "$oid" : "5f61f95b88640a36b49e42dc" }, "ename" : "", "isfeed" : false, "tag" : [ "动漫" ], "id" : "5f4f69bce7bce761f26501ec", "hide" : false, "top" : 0, "type" : 301, "status" : "online", "user" : { "gcid" : "", "name" : "蛋蛋君", "gender" : 0, "follower" : 4100, "avatar" : "5d36a43ac8cfb750c51bb670.jpg", "viptime" : 978278400, "following" : 0, "isvip" : false, "id" : "561f6b2194e5cc423617f328" }, "imgs" : [ "5e7d6e5ee7bce75d8f8d0af5.jpg", "5e7d6e5ee7bce75d8f8d0af6.jpg", "5e7d6e5ee7bce75d98e32061.jpg" ], "favs" : 0, "atime" : 1599039932, "desc" : "", "count" : 44, "name" : "海贼王", "url" : [  ], "cover" : "5cad78b6e7bce75ebd2c3170.jpg", "lcover" : "http://img5.adesk.com/5cad78b6e7bce75ebd2c3170?imageView2/3/h/720", "subname" : "", "sn" : 999 },
{ "_id" : { "$oid" : "5f61f95b88640a36b49e42dd" }, "ename" : "", "isfeed" : false, "tag" : [ "明星" ], "id" : "5f4f69bbe7bce7621e6db57d", "hide" : false, "top" : 0, "type" : 301, "status" : "online", "user" : { "gcid" : "", "name" : "蛋蛋君", "gender" : 0, "follower" : 4100, "avatar" : "5d36a43ac8cfb750c51bb670.jpg", "viptime" : 978278400, "following" : 0, "isvip" : false, "id" : "561f6b2194e5cc423617f328" }, "imgs" : [ "5f39e8d0e7bce7754499aef1.jpg", "5f39e8d0e7bce77595e55069.jpg", "5f39e8d0e7bce775c5c1db3a.jpg" ], "favs" : 0, "atime" : 1599039931, "desc" : "", "count" : 37, "name" : "鹿晗", "url" : [  ], "cover" : "5ba0b6ece7bce75e91a069e9.jpg", "lcover" : "http://img5.adesk.com/5ba0b6ece7bce75e91a069e9?imageView2/3/h/720", "subname" : "", "sn" : 999 },
{ "_id" : { "$oid" : "5f61f95b88640a36b49e42de" }, "ename" : "", "isfeed" : false, "tag" : [ "设计" ], "id" : "5f4f69b9e7bce761dca38166", "hide" : false, "top" : 0, "type" : 301, "status" : "online", "user" : { "gcid" : "", "name" : "蛋蛋君", "gender" : 0, "follower" : 4100, "avatar" : "5d36a43ac8cfb750c51bb670.jpg", "viptime" : 978278400, "following" : 0, "isvip" : false, "id" : "561f6b2194e5cc423617f328" }, "imgs" : [ "5e8da1ace7bce75e0214dbe8.jpg", "5e8da1ace7bce75e91a08c8a.jpg", "5e8da1ade7bce75d8f8d0b4e.jpg" ], "favs" : 0, "atime" : 1599039929, "desc" : "", "count" : 53, "name" : "黑白设计", "url" : [  ], "cover" : "5e7d6e14e7bce75e7ef4be76.jpg", "lcover" : "http://img5.adesk.com/5e7d6e14e7bce75e7ef4be76?imageView2/3/h/720", "subname" : "", "sn" : 999 },
{ "_id" : { "$oid" : "5f61f95b88640a36b49e42df" }, "ename" : "", "isfeed" : false, "tag" : [ "动漫" ], "id" : "5f4f6964e7bce76234b87f88", "hide" : false, "top" : 0, "type" : 301, "status" : "online", "user" : { "gcid" : "", "name" : "蛋蛋君", "gender" : 0, "follower" : 4100, "avatar" : "5d36a43ac8cfb750c51bb670.jpg", "viptime" : 978278400, "following" : 0, "isvip" : false, "id" : "561f6b2194e5cc423617f328" }, "imgs" : [ "5f158410e7bce735260ccd8e.jpg", "5d2a9b76e7bce75ebd2c3863.jpg", "5d2a9b8ae7bce75e6bd84ac3.jpg" ], "favs" : 0, "atime" : 1599039844, "desc" : "", "count" : 31, "name" : "紫罗兰永恒花园", "url" : [  ], "cover" : "5c34372ae7bce75e7ef4a22b.jpg", "lcover" : "http://img5.adesk.com/5c34372ae7bce75e7ef4a22b?imageView2/3/h/720", "subname" : "", "sn" : 999 }
