{ "_id" : { "$oid" : "5f5f5b504dfe6219c4eaf152" }, "count" : 50741, "ename" : "girl", "rname" : "美女", "cover_temp" : "56a964df69401b2866828acb", "name" : "美女", "cover" : "5f4f61d7e7bce761dca38156.jpg", "rank" : 1, "filter" : [  ], "sn" : 1, "icover" : "582c34f869401b347e0b43fb", "atime" : 1291266021, "type" : 1, "id" : "4e4d610cdf714d2966000000", "picasso_cover" : "5f4f61d7e7bce761dca38156" },
{ "_id" : { "$oid" : "5f5f5b504dfe6219c4eaf153" }, "count" : 93572, "ename" : "animation", "rname" : "动漫", "cover_temp" : "56a221c969401b3f4aa6700a", "name" : "动漫", "cover" : "5f5b86c931f61333c653e64d.jpg", "rank" : 4, "id" : "4e4d610cdf714d2966000003", "icover" : "5880889ae7bce7755f3607d9", "sn" : 2, "atime" : 1291266057, "type" : 1, "filter" : [  ], "picasso_cover" : "5f5b86c931f61333c653e64d" },
{ "_id" : { "$oid" : "5f5f5b504dfe6219c4eaf154" }, "count" : 72666, "ename" : "landscape", "rname" : "风景", "cover_temp" : "56a770e269401b756c748b28", "name" : "风景", "cover" : "5f4f0263e7bce76234b87f5f.jpg", "rank" : 3, "id" : "4e4d610cdf714d2966000002", "icover" : "581b0f2a69401b34865e6cd2", "sn" : 3, "atime" : 1291266049, "type" : 1, "filter" : [  ], "picasso_cover" : "5f4f0263e7bce76234b87f5f" },
{ "_id" : { "$oid" : "5f5f5b504dfe6219c4eaf155" }, "count" : 14459, "ename" : "game", "rname" : "游戏", "cover_temp" : "569f40fa69401b26c648eb87", "name" : "游戏", "cover" : "5f599a88e7bce761f2650403.jpg", "rank" : 15, "filter" : [  ], "sn" : 4, "icover" : "5866127069401b347e0bd82b", "atime" : 1300683934, "type" : 1, "id" : "4e4d610cdf714d2966000007", "picasso_cover" : "5f599a88e7bce761f2650403" },
{ "_id" : { "$oid" : "5f5f5b504dfe6219c4eaf156" }, "count" : 9644, "ename" : "text", "rname" : "文字", "cover_temp" : "56a1f92369401b3f529d3a3f", "name" : "文字", "cover" : "5f524b8931f61334713dc11b.jpg", "rank" : 5, "filter" : [  ], "sn" : 5, "icover" : "5864e5a769401b34865f1ccc", "atime" : 1359601742, "type" : 1, "id" : "5109e04e48d5b9364ae9ac45", "picasso_cover" : "5f524b8931f61334713dc11b" },
{ "_id" : { "$oid" : "5f5f5b504dfe6219c4eaf157" }, "count" : 8134, "ename" : "vision", "rname" : "视觉", "cover_temp" : "56a076f769401b323d865538", "name" : "视觉", "cover" : "5f4f4d3be7bce7620521f197.jpg", "rank" : 8, "filter" : [  ], "sn" : 6, "icover" : "57f8be3d69401b347e0ab423", "type" : 1, "id" : "4fb479f75ba1c65561000027", "picasso_cover" : "5f4f4d3be7bce7620521f197" },
{ "_id" : { "$oid" : "5f5f5b504dfe6219c4eaf158" }, "count" : 15103, "ename" : "emotion", "rname" : "情感", "cover_temp" : "56a03f5369401b26beeaea1d", "name" : "情感", "cover" : "5f4e2502e7bce76234b87f5a.jpg", "rank" : 2, "id" : "4ef0a35c0569795756000000", "icover" : "57c53c8769401b644d2782fb", "sn" : 7, "type" : 1, "filter" : [  ], "picasso_cover" : "5f4e2502e7bce76234b87f5a" },
{ "_id" : { "$oid" : "5f5f5b504dfe6219c4eaf159" }, "count" : 8214, "ename" : "creative", "rname" : "设计", "cover_temp" : "569b34af69401b7dd39e9fc3", "name" : "设计", "cover" : "5f56749b31f61332f7bbc0c9.jpg", "rank" : 9, "id" : "4fb47a195ba1c60ca5000222", "icover" : "575e7a9869401b01d8ef3ece", "sn" : 8, "type" : 1, "filter" : [  ], "picasso_cover" : "5f56749b31f61332f7bbc0c9" },
{ "_id" : { "$oid" : "5f5f5b504dfe6219c4eaf15a" }, "count" : 19797, "ename" : "celebrity", "rname" : "明星", "cover_temp" : "56a9a70669401b338161138c", "name" : "明星", "cover" : "5f5b1f20e7bce747d027b747.jpg", "rank" : 6, "id" : "5109e05248d5b9368bb559dc", "icover" : "5460349269401b3a428a47a7", "sn" : 9, "atime" : 1359601746, "type" : 1, "filter" : [  ], "picasso_cover" : "5f5b1f20e7bce747d027b747" },
{ "_id" : { "$oid" : "5f5f5b504dfe6219c4eaf15b" }, "count" : 23969, "ename" : "stuff", "rname" : "物语", "cover_temp" : "56a61f1c69401b54eff72f31", "name" : "物语", "cover" : "5f520a0de7bce7624942679e.jpg", "rank" : 10, "filter" : [  ], "sn" : 10, "icover" : "557b8cf269401b1704e91bfc", "type" : 1, "id" : "4fb47a465ba1c65561000028", "picasso_cover" : "5f520a0de7bce7624942679e" },
{ "_id" : { "$oid" : "5f5f5b504dfe6219c4eaf15c" }, "count" : 4229, "ename" : "man", "rname" : "男人", "cover_temp" : "569b541d69401b7dc8ce2c68", "name" : "男人", "cover" : "5f3a2d80e7bce777e410e3e8.jpg", "rank" : 13, "id" : "4e4d610cdf714d2966000006", "icover" : "550ba05469401b46dbf0b687", "sn" : 12, "atime" : 1298251540, "type" : 1, "filter" : [  ], "picasso_cover" : "5f3a2d80e7bce777e410e3e8" },
{ "_id" : { "$oid" : "5f5f5b504dfe6219c4eaf15d" }, "count" : 23698, "ename" : "machine", "rname" : "机械", "cover_temp" : "56a99e1f69401b1ce58c12dc", "name" : "机械", "cover" : "5f5489f09a1aa372cb810b96.jpg", "rank" : 12, "id" : "4e4d610cdf714d2966000005", "icover" : "5028b42aedd6a9410c002552", "sn" : 13, "atime" : 1297756191, "type" : 1, "filter" : [  ], "picasso_cover" : "5f5489f09a1aa372cb810b96" },
{ "_id" : { "$oid" : "5f5f5b504dfe6219c4eaf15e" }, "count" : 13628, "ename" : "cityscape", "rname" : "城市", "cover_temp" : "569b540969401b7dd39ea06d", "name" : "城市", "cover" : "5f4f76e2e7bce761c684d8c3.jpg", "rank" : 7, "filter" : [  ], "sn" : 14, "icover" : "5792cf7369401b71e3555741", "type" : 1, "id" : "4fb47a305ba1c60ca5000223", "picasso_cover" : "5f4f76e2e7bce761c684d8c3" },
{ "_id" : { "$oid" : "5f5f5b504dfe6219c4eaf15f" }, "count" : 19477, "ename" : "animal", "rname" : "动物", "cover_temp" : "56a4d1da69401b753a684e69", "name" : "动物", "cover" : "5f56110ee7bce7620521f476.jpg", "rank" : 14, "filter" : [  ], "sn" : 16, "icover" : "58636cda69401b34865f1406", "atime" : 1291266042, "type" : 1, "id" : "4e4d610cdf714d2966000001", "picasso_cover" : "5f56110ee7bce7620521f476" }
