{ "_id" : "5f5b4573e7bce74752990c15", "status" : true, "value" : { "ename" : "", "isfeed" : false, "tag" : [ "" ], "id" : "5f599923e7bce7621e6db8a7", "hide" : false, "top" : 0, "type" : 301, "status" : "online", "user" : { "gcid" : "", "name" : "蛋蛋君", "gender" : 0, "follower" : 4099, "avatar" : "5d36a43ac8cfb750c51bb670.jpg", "viptime" : 978278400, "following" : 0, "isvip" : false, "id" : "561f6b2194e5cc423617f328" }, "imgs" : [ "http://img5.adesk.com/5f5b376fe7bce775587a9b2b?imageView2/3/h/240", "http://img5.adesk.com/5f5b3770e7bce77595e55157?imageView2/3/h/240", "http://img5.adesk.com/5f5b3770e7bce775c5c1dc2c?imageView2/3/h/240" ], "favs" : 0, "atime" : 1599707427, "desc" : "想要有一间小屋，打开门，能够看见蓝天，关起门来，可以不问春秋。", "count" : 59, "name" : "有间小屋", "url" : [  ], "cover" : "http://img5.adesk.com/5abdfcc6e7bce7366de288f7?imageView2/3/h/240", "lcover" : "http://img5.adesk.com/5abdfcc6e7bce7366de288f7?imageView2/3/h/720", "subname" : "", "sn" : 999 }, "atime" : 1599840182, "v4_img" : "None", "target" : "5f599923e7bce7621e6db8a7", "img" : "5f5b4573e7bce74752990c14", "v4_thumb" : "http://img0.adesk.com/download/None", "module" : 1, "sn" : 1, "type" : 32, "id" : "5f5b4573e7bce74752990c15", "thumb" : "5f5b4573e7bce74752990c14.jpg" },
{ "_id" : "5f51dc0be7bce761dca383d1", "status" : true, "value" : { "ename" : "", "isfeed" : false, "tag" : [ "综合" ], "id" : "5f5057bfe7bce76234b880b2", "hide" : false, "top" : 0, "type" : 301, "status" : "online", "user" : { "gcid" : "", "name" : "蛋蛋君", "gender" : 0, "follower" : 4099, "avatar" : "5d36a43ac8cfb750c51bb670.jpg", "viptime" : 978278400, "following" : 0, "isvip" : false, "id" : "561f6b2194e5cc423617f328" }, "imgs" : [ "http://img5.adesk.com/5f5062f3e7bce77518651a85?imageView2/3/h/240", "http://img5.adesk.com/5f5062f3e7bce775303f3ca8?imageView2/3/h/240", "http://img5.adesk.com/5f5062f3e7bce7754499af88?imageView2/3/h/240" ], "favs" : 0, "atime" : 1599100863, "desc" : "听说在浩瀚的宇宙，有一家银河便利店，店里在贩卖星球，你要来看看吗？", "count" : 67, "name" : "银河便利店", "url" : [  ], "cover" : "http://img5.adesk.com/5f5061a5e7bce77602a6bd8c?imageView2/3/h/240", "lcover" : "http://img5.adesk.com/5f5061a5e7bce77602a6bd8c?imageView2/3/h/720", "subname" : "", "sn" : 999 }, "atime" : 1599235202, "v4_img" : "None", "target" : "5f5057bfe7bce76234b880b2", "img" : "5f51dc0be7bce761dca383d0", "v4_thumb" : "http://img0.adesk.com/download/None", "module" : 1, "sn" : 2, "type" : 32, "id" : "5f51dc0be7bce761dca383d1", "thumb" : "5f51dc0be7bce761dca383d0.jpg" },
{ "_id" : "5f4773dde7bce74e9ef8dd5e", "status" : true, "value" : { "url" : "http://s.androidesk.com/game/Avatar/" }, "atime" : 1598518442, "v4_img" : "None", "target" : "http://s.androidesk.com/game/Avatar/", "img" : "5f4773dde7bce74e9ef8dd5d", "v4_thumb" : "http://img0.adesk.com/download/None", "avatar" : "5d36a43ac8cfb750c51bb670.jpg", "module" : 1, "sn" : 3, "type" : 22, "id" : "5f4773dde7bce74e9ef8dd5e", "thumb" : "5f4773dde7bce74e9ef8dd5d.jpg" },
{ "_id" : "5f521f29e7bce76234b88152", "status" : true, "value" : { "ename" : "", "isfeed" : false, "tag" : [ "文字", "情感", "恋爱分手" ], "id" : "5f509476e7bce7621e6db5ab", "hide" : false, "top" : 0, "type" : 301, "status" : "online", "user" : { "gcid" : "", "name" : "蛋蛋君", "gender" : 0, "follower" : 4099, "avatar" : "5d36a43ac8cfb750c51bb670.jpg", "viptime" : 978278400, "following" : 0, "isvip" : false, "id" : "561f6b2194e5cc423617f328" }, "imgs" : [ "http://img5.adesk.com/5f50cf1ae7bce77580929e07?imageView2/3/h/240", "http://img5.adesk.com/5f50cf1ae7bce77595e55100?imageView2/3/h/240", "http://img5.adesk.com/5f50cf1be7bce775c5c1dbe4?imageView2/3/h/240" ], "favs" : 0, "atime" : 1599116406, "desc" : "拜拜就拜拜，下一个更乖，人总是要和握不住的说再见。", "count" : 79, "name" : "拜拜就拜拜，下一个更乖", "url" : [  ], "cover" : "http://img5.adesk.com/5f058674e7bce75ddbaf16df?imageView2/3/h/240", "lcover" : "http://img5.adesk.com/5f058674e7bce75ddbaf16df?imageView2/3/h/720", "subname" : "", "sn" : 999 }, "atime" : 1599235202, "v4_img" : "None", "target" : "5f509476e7bce7621e6db5ab", "img" : "5f521f29e7bce76234b88151", "v4_thumb" : "http://img0.adesk.com/download/None", "module" : 1, "sn" : 4, "type" : 32, "id" : "5f521f29e7bce76234b88152", "thumb" : "5f521f29e7bce76234b88151.jpg" }
