{ "_id" : { "$oid" : "5f5f5b504dfe6219c4eaf14c" }, "preview" : "http://img5.adesk.com/5f335ccae7bce777b5b02af8", "thumb" : "5f335ccae7bce777b5b02af8.jpg", "img" : "http://img5.adesk.com/5f335ccae7bce777b5b02af8", "views" : 0, "cid" : [ "4fb47a465ba1c65561000028" ], "rule" : "?imageView2/3/h/$<Height>", "ncos" : 1, "rank" : 552, "url" : [  ], "rule_new" : "?imageMogr2/thumbnail/!$<Width>x$<Height>r/gravity/Center/crop/$<Width>x$<Height>", "tag" : [ "酸奶", "饮品", "酸酸甜甜", "物语" ], "user" : { "name" : "coldpuppy", "viptime" : 2.539492074E9, "auth" : "adesk", "follower" : 410, "avatar" : "5f101d60e7bce778c7c4d10a.jpg", "isvip" : true, "id" : "5ef04f6a25495921c7382622" }, "wp" : "http://img5.adesk.com/5f335ccae7bce777b5b02af8", "xr" : false, "cr" : false, "favs" : 8, "atime" : 1597363384, "id" : "5f335ccae7bce777b5b02af8", "store" : "qiniu", "desc" : "" },
{ "_id" : { "$oid" : "5f5f5b504dfe6219c4eaf14d" }, "preview" : "http://img5.adesk.com/5f335cc9e7bce7786905c393", "thumb" : "5f335cc9e7bce7786905c393.jpg", "img" : "http://img5.adesk.com/5f335cc9e7bce7786905c393", "views" : 0, "cid" : [ "4fb47a465ba1c65561000028" ], "rule" : "?imageView2/3/h/$<Height>", "ncos" : 0, "rank" : 625, "url" : [  ], "rule_new" : "?imageMogr2/thumbnail/!$<Width>x$<Height>r/gravity/Center/crop/$<Width>x$<Height>", "tag" : [ "酸奶", "饮品", "酸酸甜甜", "物语" ], "user" : { "name" : "coldpuppy", "viptime" : 2.539492074E9, "auth" : "adesk", "follower" : 410, "avatar" : "5f101d60e7bce778c7c4d10a.jpg", "isvip" : true, "id" : "5ef04f6a25495921c7382622" }, "wp" : "http://img5.adesk.com/5f335cc9e7bce7786905c393", "xr" : false, "cr" : false, "favs" : 18, "atime" : 1597482006, "id" : "5f335cc9e7bce7786905c393", "store" : "qiniu", "desc" : "" },
{ "_id" : { "$oid" : "5f5f5b504dfe6219c4eaf14e" }, "preview" : "http://img5.adesk.com/5f335cc8e7bce77827f1e6c7", "thumb" : "5f335cc8e7bce77827f1e6c7.jpg", "img" : "http://img5.adesk.com/5f335cc8e7bce77827f1e6c7", "views" : 0, "cid" : [ "4fb47a465ba1c65561000028" ], "rule" : "?imageView2/3/h/$<Height>", "ncos" : 0, "rank" : 519, "url" : [  ], "rule_new" : "?imageMogr2/thumbnail/!$<Width>x$<Height>r/gravity/Center/crop/$<Width>x$<Height>", "tag" : [ "酸奶", "饮品", "酸酸甜甜", "物语" ], "user" : { "name" : "coldpuppy", "viptime" : 2.539492074E9, "auth" : "adesk", "follower" : 410, "avatar" : "5f101d60e7bce778c7c4d10a.jpg", "isvip" : true, "id" : "5ef04f6a25495921c7382622" }, "wp" : "http://img5.adesk.com/5f335cc8e7bce77827f1e6c7", "xr" : false, "cr" : false, "favs" : 9, "atime" : 1597482007, "id" : "5f335cc8e7bce77827f1e6c7", "store" : "qiniu", "desc" : "" },
{ "_id" : { "$oid" : "5f5f5b504dfe6219c4eaf14f" }, "preview" : "http://img5.adesk.com/5f335ccae7bce7786905c394", "thumb" : "5f335ccae7bce7786905c394.jpg", "img" : "http://img5.adesk.com/5f335ccae7bce7786905c394", "views" : 0, "cid" : [ "4fb47a465ba1c65561000028" ], "rule" : "?imageView2/3/h/$<Height>", "ncos" : 0, "rank" : 537, "url" : [  ], "rule_new" : "?imageMogr2/thumbnail/!$<Width>x$<Height>r/gravity/Center/crop/$<Width>x$<Height>", "tag" : [ "酸奶", "饮品", "酸酸甜甜", "物语" ], "user" : { "name" : "coldpuppy", "viptime" : 2.539492074E9, "auth" : "adesk", "follower" : 410, "avatar" : "5f101d60e7bce778c7c4d10a.jpg", "isvip" : true, "id" : "5ef04f6a25495921c7382622" }, "wp" : "http://img5.adesk.com/5f335ccae7bce7786905c394", "xr" : false, "cr" : false, "favs" : 13, "atime" : 1597467785, "id" : "5f335ccae7bce7786905c394", "store" : "qiniu", "desc" : "" },
{ "_id" : { "$oid" : "5f5f5b504dfe6219c4eaf150" }, "preview" : "http://img5.adesk.com/5f335cd0e7bce778489d7151", "thumb" : "5f335cd0e7bce778489d7151.jpg", "img" : "http://img5.adesk.com/5f335cd0e7bce778489d7151", "views" : 0, "cid" : [ "4fb47a465ba1c65561000028" ], "rule" : "?imageView2/3/h/$<Height>", "ncos" : 0, "rank" : 632, "url" : [  ], "rule_new" : "?imageMogr2/thumbnail/!$<Width>x$<Height>r/gravity/Center/crop/$<Width>x$<Height>", "tag" : [ "酸奶", "饮品", "酸酸甜甜", "物语" ], "user" : { "name" : "coldpuppy", "viptime" : 2.539492074E9, "auth" : "adesk", "follower" : 410, "avatar" : "5f101d60e7bce778c7c4d10a.jpg", "isvip" : true, "id" : "5ef04f6a25495921c7382622" }, "wp" : "http://img5.adesk.com/5f335cd0e7bce778489d7151", "xr" : false, "cr" : false, "favs" : 19, "atime" : 1597467786, "id" : "5f335cd0e7bce778489d7151", "store" : "qiniu", "desc" : "" },
{ "_id" : { "$oid" : "5f5f5b504dfe6219c4eaf151" }, "preview" : "http://img5.adesk.com/5f335ccbe7bce777e410e150", "thumb" : "5f335ccbe7bce777e410e150.jpg", "img" : "http://img5.adesk.com/5f335ccbe7bce777e410e150", "views" : 0, "cid" : [ "4fb47a465ba1c65561000028" ], "rule" : "?imageView2/3/h/$<Height>", "ncos" : 0, "rank" : 499, "url" : [  ], "rule_new" : "?imageMogr2/thumbnail/!$<Width>x$<Height>r/gravity/Center/crop/$<Width>x$<Height>", "tag" : [ "酸奶", "饮品", "酸酸甜甜", "物语" ], "user" : { "name" : "coldpuppy", "viptime" : 2.539492074E9, "auth" : "adesk", "follower" : 410, "avatar" : "5f101d60e7bce778c7c4d10a.jpg", "isvip" : true, "id" : "5ef04f6a25495921c7382622" }, "wp" : "http://img5.adesk.com/5f335ccbe7bce777e410e150", "xr" : false, "cr" : false, "favs" : 11, "atime" : 1597363382, "id" : "5f335ccbe7bce777e410e150", "store" : "qiniu", "desc" : "" }
